CREATE DATABASE  IF NOT EXISTS `Team10` /*!40100 DEFAULT CHARACTER SET utf8 */;
USE `Team10`;
-- MySQL dump 10.13  Distrib 8.0.19, for Win64 (x86_64)
--
-- Host: project.cwcrxvcwutfi.us-east-2.rds.amazonaws.com    Database: Team10
-- ------------------------------------------------------
-- Server version	5.7.22-log

/*!40101 SET @OLD_CHARACTER_SET_CLIENT=@@CHARACTER_SET_CLIENT */;
/*!40101 SET @OLD_CHARACTER_SET_RESULTS=@@CHARACTER_SET_RESULTS */;
/*!40101 SET @OLD_COLLATION_CONNECTION=@@COLLATION_CONNECTION */;
/*!50503 SET NAMES utf8 */;
/*!40103 SET @OLD_TIME_ZONE=@@TIME_ZONE */;
/*!40103 SET TIME_ZONE='+00:00' */;
/*!40014 SET @OLD_UNIQUE_CHECKS=@@UNIQUE_CHECKS, UNIQUE_CHECKS=0 */;
/*!40014 SET @OLD_FOREIGN_KEY_CHECKS=@@FOREIGN_KEY_CHECKS, FOREIGN_KEY_CHECKS=0 */;
/*!40101 SET @OLD_SQL_MODE=@@SQL_MODE, SQL_MODE='NO_AUTO_VALUE_ON_ZERO' */;
/*!40111 SET @OLD_SQL_NOTES=@@SQL_NOTES, SQL_NOTES=0 */;

--
-- Table structure for table `Animal`
--

DROP TABLE IF EXISTS `Animal`;
/*!40101 SET @saved_cs_client     = @@character_set_client */;
/*!50503 SET character_set_client = utf8mb4 */;
CREATE TABLE `Animal` (
  `Animal_ID` int(11) NOT NULL AUTO_INCREMENT,
  `Exhibit_ID` int(11) NOT NULL,
  `Name` varchar(32) NOT NULL,
  `Class` varchar(32) NOT NULL,
  `Birthdate` datetime NOT NULL,
  `Last_Checkup` datetime NOT NULL,
  `Weight` decimal(10,0) NOT NULL,
  `Gender` tinyint(4) NOT NULL,
  `Short_Description` varchar(255) NOT NULL,
  PRIMARY KEY (`Animal_ID`),
  KEY `fk_Animal_Exhibit1_idx` (`Exhibit_ID`),
  CONSTRAINT `fk_Animal_Exhibit1` FOREIGN KEY (`Exhibit_ID`) REFERENCES `Exhibit` (`Exhibit_ID`)
) ENGINE=InnoDB AUTO_INCREMENT=17 DEFAULT CHARSET=utf8;
/*!40101 SET character_set_client = @saved_cs_client */;

--
-- Dumping data for table `Animal`
--

LOCK TABLES `Animal` WRITE;
/*!40000 ALTER TABLE `Animal` DISABLE KEYS */;
INSERT INTO `Animal` VALUES (1,1,'Clemente Lodin','Aves','2019-04-14 02:03:11','2020-03-09 11:38:33',9,1,'The bald eagle is the second largest bird of prey in North America after the Californian condor. It is named after its conspicuous white (but fully-feathered) head.'),(2,2,'Shastaa','Mammalia','2019-10-18 04:54:26','2020-03-22 23:23:24',198,1,'The cougar is known by many names including panther, puma, and mountain lion. Cougars have the largest range of any mammals in the Western Hemisphere and live in deserts, mountains, and rainforests.'),(3,3,'Loleta Shillinglaw','Amphibia','2020-01-11 16:11:55','2020-03-27 16:38:30',1,1,'These animals protect themselves from predators with unique, poisonous skin secretions. You can only find these beautiful, endangered creatures in parts of Panama.'),(4,4,'Derek Boarer','Amphibia','2019-11-11 01:46:25','2020-03-17 10:41:40',1,0,'Historically, the Houston toad ranged across central and east Texas, but a drought and urban expansion in the 1960s saw the population decline. Today, there are only four small habitat areas left.'),(5,5,'Kellia Rodrigues','Aves','2019-05-07 00:44:31','2020-03-02 08:27:11',1,0,'The kookaburra is a member of the kingfisher family from Australia, though they inhabit dry forests where their diet is far morel likely to be mice or insects than fish. Their call sounds like cascades of loud enthusiastic laughter.'),(6,6,'Janeta Spottiswood','Mammalia','2020-03-10 06:07:36','2020-04-04 09:58:27',49,1,'These beautiful animals are named for their spots, which resemble clouds. They have a very secretive nature and are rarely seen in the wild.'),(7,7,'Livvie Josselsohn','Reptilia','2020-02-03 01:45:07','2020-03-02 05:59:22',2,0,'These snakes vary in color from gray to brown, and they get their name from the blue-black color of the inside of their mouth, which they display when threatened.'),(8,8,'Blake Pourvoieur','Mammalia','2019-05-05 00:32:51','2020-03-24 16:25:49',520,1,'This rare animal is found only in the most remote rainforests of central Africa. They have stripes like a zebra but are much more closely related to giraffes. It is almost impossible to observe an okapi in the wild.');
/*!40000 ALTER TABLE `Animal` ENABLE KEYS */;
UNLOCK TABLES;

--
-- Table structure for table `AspNetRoleClaims`
--

DROP TABLE IF EXISTS `AspNetRoleClaims`;
/*!40101 SET @saved_cs_client     = @@character_set_client */;
/*!50503 SET character_set_client = utf8mb4 */;
CREATE TABLE `AspNetRoleClaims` (
  `Id` int(11) NOT NULL AUTO_INCREMENT,
  `RoleId` varchar(255) CHARACTER SET utf8mb4 NOT NULL,
  `ClaimType` longtext CHARACTER SET utf8mb4,
  `ClaimValue` longtext CHARACTER SET utf8mb4,
  PRIMARY KEY (`Id`),
  KEY `IX_AspNetRoleClaims_RoleId` (`RoleId`),
  CONSTRAINT `FK_AspNetRoleClaims_AspNetRoles_RoleId` FOREIGN KEY (`RoleId`) REFERENCES `AspNetRoles` (`Id`) ON DELETE CASCADE
) ENGINE=InnoDB DEFAULT CHARSET=utf8;
/*!40101 SET character_set_client = @saved_cs_client */;

--
-- Dumping data for table `AspNetRoleClaims`
--

LOCK TABLES `AspNetRoleClaims` WRITE;
/*!40000 ALTER TABLE `AspNetRoleClaims` DISABLE KEYS */;
/*!40000 ALTER TABLE `AspNetRoleClaims` ENABLE KEYS */;
UNLOCK TABLES;

--
-- Table structure for table `AspNetRoles`
--

DROP TABLE IF EXISTS `AspNetRoles`;
/*!40101 SET @saved_cs_client     = @@character_set_client */;
/*!50503 SET character_set_client = utf8mb4 */;
CREATE TABLE `AspNetRoles` (
  `Id` varchar(255) CHARACTER SET utf8mb4 NOT NULL,
  `Name` varchar(256) CHARACTER SET utf8mb4 DEFAULT NULL,
  `NormalizedName` varchar(256) CHARACTER SET utf8mb4 DEFAULT NULL,
  `ConcurrencyStamp` longtext CHARACTER SET utf8mb4,
  PRIMARY KEY (`Id`),
  UNIQUE KEY `RoleNameIndex` (`NormalizedName`)
) ENGINE=InnoDB DEFAULT CHARSET=utf8;
/*!40101 SET character_set_client = @saved_cs_client */;

--
-- Dumping data for table `AspNetRoles`
--

LOCK TABLES `AspNetRoles` WRITE;
/*!40000 ALTER TABLE `AspNetRoles` DISABLE KEYS */;
INSERT INTO `AspNetRoles` VALUES ('214074d4-9f36-4c2c-aa0e-bf2ce29b3180','Admin','ADMIN','49e28c8d-e1e3-4050-9438-3180ea121972'),('2d7e692d-b21e-43e3-92f7-30839f7e6a6a','Staff','STAFF','ac401a70-cc50-4b3f-b563-10fdfa3eefc1'),('36dd155d-5457-4e43-8ad5-de55cadcbb40','User','USER','888f273b-5334-46ed-a56f-98bf335ebd19'),('9c1639cb-9997-4195-82d9-6a6a943b26fb','Manager','MANAGER','52bccecb-2e89-4c0e-a1ea-8be107227e8a');
/*!40000 ALTER TABLE `AspNetRoles` ENABLE KEYS */;
UNLOCK TABLES;

--
-- Table structure for table `AspNetUserClaims`
--

DROP TABLE IF EXISTS `AspNetUserClaims`;
/*!40101 SET @saved_cs_client     = @@character_set_client */;
/*!50503 SET character_set_client = utf8mb4 */;
CREATE TABLE `AspNetUserClaims` (
  `Id` int(11) NOT NULL AUTO_INCREMENT,
  `UserId` varchar(255) CHARACTER SET utf8mb4 NOT NULL,
  `ClaimType` longtext CHARACTER SET utf8mb4,
  `ClaimValue` longtext CHARACTER SET utf8mb4,
  PRIMARY KEY (`Id`),
  KEY `IX_AspNetUserClaims_UserId` (`UserId`),
  CONSTRAINT `FK_AspNetUserClaims_AspNetUsers_UserId` FOREIGN KEY (`UserId`) REFERENCES `AspNetUsers` (`Id`) ON DELETE CASCADE
) ENGINE=InnoDB DEFAULT CHARSET=utf8;
/*!40101 SET character_set_client = @saved_cs_client */;

--
-- Dumping data for table `AspNetUserClaims`
--

LOCK TABLES `AspNetUserClaims` WRITE;
/*!40000 ALTER TABLE `AspNetUserClaims` DISABLE KEYS */;
/*!40000 ALTER TABLE `AspNetUserClaims` ENABLE KEYS */;
UNLOCK TABLES;

--
-- Table structure for table `AspNetUserLogins`
--

DROP TABLE IF EXISTS `AspNetUserLogins`;
/*!40101 SET @saved_cs_client     = @@character_set_client */;
/*!50503 SET character_set_client = utf8mb4 */;
CREATE TABLE `AspNetUserLogins` (
  `LoginProvider` varchar(128) CHARACTER SET utf8mb4 NOT NULL,
  `ProviderKey` varchar(128) CHARACTER SET utf8mb4 NOT NULL,
  `ProviderDisplayName` longtext CHARACTER SET utf8mb4,
  `UserId` varchar(255) CHARACTER SET utf8mb4 NOT NULL,
  PRIMARY KEY (`LoginProvider`,`ProviderKey`),
  KEY `IX_AspNetUserLogins_UserId` (`UserId`),
  CONSTRAINT `FK_AspNetUserLogins_AspNetUsers_UserId` FOREIGN KEY (`UserId`) REFERENCES `AspNetUsers` (`Id`) ON DELETE CASCADE
) ENGINE=InnoDB DEFAULT CHARSET=utf8;
/*!40101 SET character_set_client = @saved_cs_client */;

--
-- Dumping data for table `AspNetUserLogins`
--

LOCK TABLES `AspNetUserLogins` WRITE;
/*!40000 ALTER TABLE `AspNetUserLogins` DISABLE KEYS */;
/*!40000 ALTER TABLE `AspNetUserLogins` ENABLE KEYS */;
UNLOCK TABLES;

--
-- Table structure for table `AspNetUserRoles`
--

DROP TABLE IF EXISTS `AspNetUserRoles`;
/*!40101 SET @saved_cs_client     = @@character_set_client */;
/*!50503 SET character_set_client = utf8mb4 */;
CREATE TABLE `AspNetUserRoles` (
  `UserId` varchar(255) CHARACTER SET utf8mb4 NOT NULL,
  `RoleId` varchar(255) CHARACTER SET utf8mb4 NOT NULL,
  PRIMARY KEY (`UserId`,`RoleId`),
  KEY `IX_AspNetUserRoles_RoleId` (`RoleId`),
  CONSTRAINT `FK_AspNetUserRoles_AspNetRoles_RoleId` FOREIGN KEY (`RoleId`) REFERENCES `AspNetRoles` (`Id`) ON DELETE CASCADE,
  CONSTRAINT `FK_AspNetUserRoles_AspNetUsers_UserId` FOREIGN KEY (`UserId`) REFERENCES `AspNetUsers` (`Id`) ON DELETE CASCADE
) ENGINE=InnoDB DEFAULT CHARSET=utf8;
/*!40101 SET character_set_client = @saved_cs_client */;

--
-- Dumping data for table `AspNetUserRoles`
--

LOCK TABLES `AspNetUserRoles` WRITE;
/*!40000 ALTER TABLE `AspNetUserRoles` DISABLE KEYS */;
INSERT INTO `AspNetUserRoles` VALUES ('3ee01326-c013-485a-add2-e7b40158523b','214074d4-9f36-4c2c-aa0e-bf2ce29b3180'),('5851d72d-9996-4bc0-ae85-e3b19ea5997a','214074d4-9f36-4c2c-aa0e-bf2ce29b3180'),('66a1beda-b1fa-4fc1-9ff3-b3cac924e4ff','214074d4-9f36-4c2c-aa0e-bf2ce29b3180'),('70c16386-ece5-44dc-b77f-5c25fa247551','214074d4-9f36-4c2c-aa0e-bf2ce29b3180'),('77ef55c2-3235-49b6-931d-806c755d7e76','214074d4-9f36-4c2c-aa0e-bf2ce29b3180'),('7cedeb19-4cce-4c31-af5e-4ab661ff97c5','214074d4-9f36-4c2c-aa0e-bf2ce29b3180'),('7f7b2590-d17d-4da4-b8a6-e56b025b6a18','214074d4-9f36-4c2c-aa0e-bf2ce29b3180'),('85d872a3-f464-4b00-8ae7-0971571e5e50','214074d4-9f36-4c2c-aa0e-bf2ce29b3180'),('b95edfc0-094d-4e2c-b360-87ac727b933e','214074d4-9f36-4c2c-aa0e-bf2ce29b3180'),('bbb87b48-4541-4883-9a20-db4a622951dc','214074d4-9f36-4c2c-aa0e-bf2ce29b3180'),('be02a473-8d45-45d3-90c5-c71e94f55080','214074d4-9f36-4c2c-aa0e-bf2ce29b3180'),('d0ffdbb4-d839-439e-8a6c-43626b0a467a','214074d4-9f36-4c2c-aa0e-bf2ce29b3180'),('e031fff1-1b0d-42a2-b8be-a4c2e42773e4','214074d4-9f36-4c2c-aa0e-bf2ce29b3180'),('e69b1952-ab63-49fa-8f23-5d0269de3586','214074d4-9f36-4c2c-aa0e-bf2ce29b3180'),('edab3802-1731-4d7c-9c26-3df728c9fc2a','214074d4-9f36-4c2c-aa0e-bf2ce29b3180'),('f3e9e557-8bc4-4147-b7fb-42d4694afc79','214074d4-9f36-4c2c-aa0e-bf2ce29b3180'),('8c451de7-1ff5-4fd6-844b-018787c85ec6','36dd155d-5457-4e43-8ad5-de55cadcbb40'),('d0ffdbb4-d839-439e-8a6c-43626b0a467a','36dd155d-5457-4e43-8ad5-de55cadcbb40'),('e3bfea52-acd6-4fb6-bd2f-faa11f4b4726','36dd155d-5457-4e43-8ad5-de55cadcbb40'),('fa05e420-3194-4f70-8739-5d52819f75d9','36dd155d-5457-4e43-8ad5-de55cadcbb40');
/*!40000 ALTER TABLE `AspNetUserRoles` ENABLE KEYS */;
UNLOCK TABLES;

--
-- Table structure for table `AspNetUserTokens`
--

DROP TABLE IF EXISTS `AspNetUserTokens`;
/*!40101 SET @saved_cs_client     = @@character_set_client */;
/*!50503 SET character_set_client = utf8mb4 */;
CREATE TABLE `AspNetUserTokens` (
  `UserId` varchar(255) CHARACTER SET utf8mb4 NOT NULL,
  `LoginProvider` varchar(128) CHARACTER SET utf8mb4 NOT NULL,
  `Name` varchar(128) CHARACTER SET utf8mb4 NOT NULL,
  `Value` longtext CHARACTER SET utf8mb4,
  PRIMARY KEY (`UserId`,`LoginProvider`,`Name`),
  CONSTRAINT `FK_AspNetUserTokens_AspNetUsers_UserId` FOREIGN KEY (`UserId`) REFERENCES `AspNetUsers` (`Id`) ON DELETE CASCADE
) ENGINE=InnoDB DEFAULT CHARSET=utf8;
/*!40101 SET character_set_client = @saved_cs_client */;

--
-- Dumping data for table `AspNetUserTokens`
--

LOCK TABLES `AspNetUserTokens` WRITE;
/*!40000 ALTER TABLE `AspNetUserTokens` DISABLE KEYS */;
/*!40000 ALTER TABLE `AspNetUserTokens` ENABLE KEYS */;
UNLOCK TABLES;

--
-- Table structure for table `AspNetUsers`
--

DROP TABLE IF EXISTS `AspNetUsers`;
/*!40101 SET @saved_cs_client     = @@character_set_client */;
/*!50503 SET character_set_client = utf8mb4 */;
CREATE TABLE `AspNetUsers` (
  `Id` varchar(255) CHARACTER SET utf8mb4 NOT NULL,
  `UserName` varchar(256) CHARACTER SET utf8mb4 DEFAULT NULL,
  `NormalizedUserName` varchar(256) CHARACTER SET utf8mb4 DEFAULT NULL,
  `Email` varchar(256) CHARACTER SET utf8mb4 DEFAULT NULL,
  `NormalizedEmail` varchar(256) CHARACTER SET utf8mb4 DEFAULT NULL,
  `EmailConfirmed` tinyint(1) NOT NULL,
  `PasswordHash` longtext CHARACTER SET utf8mb4,
  `SecurityStamp` longtext CHARACTER SET utf8mb4,
  `ConcurrencyStamp` longtext CHARACTER SET utf8mb4,
  `PhoneNumber` longtext CHARACTER SET utf8mb4,
  `PhoneNumberConfirmed` tinyint(1) NOT NULL,
  `TwoFactorEnabled` tinyint(1) NOT NULL,
  `LockoutEnd` datetime(6) DEFAULT NULL,
  `LockoutEnabled` tinyint(1) NOT NULL,
  `AccessFailedCount` int(11) NOT NULL,
  PRIMARY KEY (`Id`),
  UNIQUE KEY `UserNameIndex` (`NormalizedUserName`),
  KEY `EmailIndex` (`NormalizedEmail`)
) ENGINE=InnoDB DEFAULT CHARSET=utf8;
/*!40101 SET character_set_client = @saved_cs_client */;

--
-- Dumping data for table `AspNetUsers`
--

LOCK TABLES `AspNetUsers` WRITE;
/*!40000 ALTER TABLE `AspNetUsers` DISABLE KEYS */;
INSERT INTO `AspNetUsers` VALUES ('192319ba-cd48-408f-8259-78fea8706d4b','test@gmail.com','TEST@GMAIL.COM','test@gmail.com','TEST@GMAIL.COM',0,'AQAAAAEAACcQAAAAEPszqV9vvuaWeN17Ldx1OcJKZNkBuSsd2UZs1a5VMda0IjGjXfpxiBUsfMEEwOfVbg==','LHCJXMG6OJAOODXK2HT22KKEIAW6W7SB','2a773786-c0d6-4159-bd8e-f07c0c377052',NULL,0,0,NULL,1,0),('26cbb3df-45f4-4510-b14c-19aae0b5c3bf','test@server.com','TEST@SERVER.COM','test@server.com','TEST@SERVER.COM',1,'AQAAAAEAACcQAAAAEMh+UilwRdrjx3PBq07v1R/qtOy67LYpjf5o9HvCSuXEyc9aXn+54/xId88PRRJaRw==','WNS55FIMPA5IEPI777A62YRRWWBIDNDW','779e53ba-f446-478c-a067-866a24a8befb',NULL,0,0,NULL,1,0),('3355f14a-daa1-4d09-bb45-f111228b43ec','das@gmail.com','DAS@GMAIL.COM','das@gmail.com','DAS@GMAIL.COM',0,'AQAAAAEAACcQAAAAEJPlV60nlLtWRNUJB4aCfwwUVgbZOIOnuYvrBVKGFYRR/dhDknXez1nn9Gl36mLGpA==','SQIK3T3K47JZQWV2XITRVY4YYW46IAHP','98ba792a-0f02-446b-b1f8-061c43eaa142',NULL,0,0,NULL,1,0),('3ee01326-c013-485a-add2-e7b40158523b','dkm@gmail.com','DKM@GMAIL.COM','dkm@gmail.com','DKM@GMAIL.COM',1,'AQAAAAEAACcQAAAAEKlmDlodlnZUyGj5FBp2w2Ny7NMfZCfiY+itoznlLatbfsI8PKpiMHYiYDE4JdPVnw==','2P2G3FYY5574GGDV4HVMUAS4M6R2RWCE','230383b5-ed14-4973-ac79-07452d79950d',NULL,0,0,NULL,1,0),('4dc386cf-9e3a-4050-b5a8-7fc99f37d891','lttha@gmail.com','LTTHA@GMAIL.COM','lttha@gmail.com','LTTHA@GMAIL.COM',1,'AQAAAAEAACcQAAAAELk4KXpgu6u9bD+jAaZCumts9J2W2ydC+4DR4QMnfeSwzrcIkpE/1dO+WsOe1/KieA==','A3T4HFFC6V57J3OTUGW3CK2CZNVLZUF7','fed11f2e-819d-4571-9aa1-148f8ef662f1','123456789',0,0,NULL,1,0),('5851d72d-9996-4bc0-ae85-e3b19ea5997a','dasda@gmail.com','DASDA@GMAIL.COM','dasda@gmail.com','DASDA@GMAIL.COM',1,'AQAAAAEAACcQAAAAEBZ+POXqQ78jKSyTXSr9EeWgPpyd4wiN+sW03kEqrJ1SnYsq9WxRkhmDKYHZaYUyvQ==','DQ3KU2ESPCIG5CM33TA35GBVBCRDL2IV','1f6096f0-c1ba-4a69-96e0-ddf85061a6be',NULL,0,0,NULL,1,0),('66a1beda-b1fa-4fc1-9ff3-b3cac924e4ff','adminthanh@gmail.com','ADMINTHANH@GMAIL.COM','adminthanh@gmail.com','ADMINTHANH@GMAIL.COM',1,'AQAAAAEAACcQAAAAEFMKx+41LZcyZkay2uy1S4qXfYbYfBjtVhXv4LXKPImV1PWWAF1Ew3tgep+N5eDiyA==','7W2II55O3A37BR2QUPP5DWPH2WQMS7AT','0bca8c6b-e585-4462-b9ee-5675496ab84b',NULL,0,0,NULL,1,0),('682ae3ca-e87f-4585-9cbb-4cf5831a4f2d','thanh@gmail.com','THANH@GMAIL.COM','thanh@gmail.com','THANH@GMAIL.COM',1,'AQAAAAEAACcQAAAAEBp8+AtrCrom9C3HmTPf/OlZqq/UOE07UmfwRzhsPS5ZqDrgnGILDHKGVq6yN2X+hw==','E4DP2VEAQTYVHXM3WOJIW7MPRFYM6CDZ','0cbe5901-c2bb-43cf-9218-4007112a32fe',NULL,0,0,NULL,1,0),('70c16386-ece5-44dc-b77f-5c25fa247551','Jesus@gmail.com','JESUS@GMAIL.COM','Jesus@gmail.com','JESUS@GMAIL.COM',0,'AQAAAAEAACcQAAAAEAN8U1yZ/EQ7fHm9bndMtvk3sg+j6vZbHrGSNmnOurFNGIt8vzwEP6yeAFU5u8RZbw==','6DRASE6VFOVZXWU3HURTFIAOJBRWW5XD','445709dc-2460-4131-8d63-8d2b0ad5ea9e',NULL,0,0,NULL,1,0),('77ef55c2-3235-49b6-931d-806c755d7e76','ana@test.com','ANA@TEST.COM','ana@test.com','ANA@TEST.COM',1,'AQAAAAEAACcQAAAAEIpMkb9Tpd0sONnJjxjFBlaQz8n/XnVUd40MSOKfN/rIeR/OevWdXjuYHI91AFujQQ==','Q5NPOLBWKSLBVEECZ7GT3J6IQ5NZ5UR6','e37828e7-7089-49b3-9626-6015a469f316',NULL,0,0,NULL,1,0),('7cedeb19-4cce-4c31-af5e-4ab661ff97c5','Jes2e2e2e@gmail.com','JES2E2E2E@GMAIL.COM','Jes2e2e2e@gmail.com','JES2E2E2E@GMAIL.COM',0,'AQAAAAEAACcQAAAAEKTuYAmpMcNL3lv7KLeXFIR1HVO3lKj5hrpvd1H9EsN3HWzTXML5ZsxrlO/1lT18+Q==','JL3CNAJEHZR3SQ3PPHIJGJ7KVHZHZDIJ','4e512dfe-47aa-416e-a188-a2e7fe6f243d',NULL,0,0,NULL,1,0),('7f7b2590-d17d-4da4-b8a6-e56b025b6a18','Hello@gmail.com','HELLO@GMAIL.COM','Hello@gmail.com','HELLO@GMAIL.COM',1,'AQAAAAEAACcQAAAAEHRomkA8pEZZ0b0On7AmhBCaSgq3c5HtOdZTUhkLpcBQJiMe/LGbgFdXwLxKiytd7g==','RQO23GSXZWOJTZR3MQS2G23ALQVDHZI6','245258d9-d198-4d7e-93cc-29f0f0642688',NULL,0,0,NULL,1,0),('85d872a3-f464-4b00-8ae7-0971571e5e50','new@gmail.com','NEW@GMAIL.COM','new@gmail.com','NEW@GMAIL.COM',1,'AQAAAAEAACcQAAAAEILI8yo1GkP2J85OU+LiW0f9/6ir/l3dT66emprjlvlZUfIjK5COkAS0Mlv9ut3N2w==','NJC2IAK67FYS3E7SG4LRU5SHGDQKEELN','8d9d9632-e2ea-4782-8d0c-cb523a3cb5ff',NULL,0,0,NULL,1,0),('8c451de7-1ff5-4fd6-844b-018787c85ec6','Jesus@gmal.com','JESUS@GMAL.COM','Jesus@gmal.com','JESUS@GMAL.COM',1,'AQAAAAEAACcQAAAAEEB9DEYsI57n4/a3oLiwEKAS/j0PzOpHmAP25n/bhcJqNV6ZxbA06vVMXvU9rgFi/w==','TBGI6LTKTP4LWNNRH3IHFH2JH46HDWY7','cb0028a6-f9af-465c-9466-db803cff169e',NULL,0,0,NULL,1,0),('91c9d4fd-1446-4fae-b3bb-7731864bfd39','thanh213@gmail.com','THANH213@GMAIL.COM','thanh213@gmail.com','THANH213@GMAIL.COM',1,'AQAAAAEAACcQAAAAEOmEBghvHNFId5tcszH/Hl/z0c+D+C+MVzFUjVFAqKFDe4RIgNmx3TyZ3JO2AW7R2g==','T3JVXRCKQRFWQHFKGW2KZ4HYG35SFQZ5','02b77198-2e8f-4925-8e9e-ca331e8196d9',NULL,0,0,NULL,1,0),('a0f84abd-7dee-46a4-875c-c29b2b7f9cf1','a1a2.sf4fa.23f@gmail.com','A1A2.SF4FA.23F@GMAIL.COM','a1a2.sf4fa.23f@gmail.com','A1A2.SF4FA.23F@GMAIL.COM',1,'AQAAAAEAACcQAAAAEK8qVi7f7yf+T+0P70IC6LQpGcAxVp1L1sYxBU2/4tKSrGOqHIlMi1RO+MQv5nwwZQ==','EGHVJIQVWLW4R23HVQCFAXH7PCRQZOW5','0333b1e2-b8fa-4763-aa6d-744f80dee596',NULL,0,0,NULL,1,0),('b84e858c-655f-4175-9339-8221d5630a4f','test123@gmail.com','TEST123@GMAIL.COM','test123@gmail.com','TEST123@GMAIL.COM',0,'AQAAAAEAACcQAAAAEM+n/NeP6rngq5oFv5xtoERnhFBX0H6IzD/GBNQR77TTPUaOs0dDRM91cGFW5y4pOg==','5R3EGUWULTK6B36ZXUKKHQEDJ6P4ULSN','48a5eb57-b30c-4148-9994-9d65d317444c',NULL,0,0,NULL,1,0),('b95edfc0-094d-4e2c-b360-87ac727b933e','abcdef123@gmail.com','ABCDEF123@GMAIL.COM','abcdef123@gmail.com','ABCDEF123@GMAIL.COM',0,'AQAAAAEAACcQAAAAELoxYpV9mVOe2hIS9fvdCZOSbAxHG3FWFgTIL63xamcpVNP+f7OKLqtEJ7GPWgRsgg==','4WT3BTR3BTZ7JXBQKUCVH4TN5WZW2R7Z','d92062fe-5a09-46a2-ba58-fffa86dcf368',NULL,0,0,NULL,1,0),('bbb87b48-4541-4883-9a20-db4a622951dc','thanhle@gmail.com','THANHLE@GMAIL.COM','thanhle@gmail.com','THANHLE@GMAIL.COM',0,'AQAAAAEAACcQAAAAEEctIdGrK3tyGoxHylLA7xd6O3ph/IYOBV7JJuvLlDSxJtDrEn7tO4d++0DtuhIOuA==','KHVFJD4B56MFNVR4F5L552CQSWHFI7MD','c63a5c86-6d6a-46b1-ab3e-d15db9845900',NULL,0,0,NULL,1,0),('be02a473-8d45-45d3-90c5-c71e94f55080','admin@gmail.com','ADMIN@GMAIL.COM','admin@gmail.com','ADMIN@GMAIL.COM',0,'AQAAAAEAACcQAAAAEOl0O486aNAtNkU6zyEO+3gw7g+92Kv0B/qztb1IruAVcnNXJ0GxbROa12eXBzUHkA==','3AYB4QQBBUMU6B2UHKPWJLBIWIA3V7PC','4b135b32-6b26-4d0f-973c-2b0b5d2db3bf',NULL,0,0,NULL,1,0),('ce08459a-9336-4dba-9603-55b89490efa9','Jesusdelriego2@gmail.com','JESUSDELRIEGO2@GMAIL.COM','Jesusdelriego2@gmail.com','JESUSDELRIEGO2@GMAIL.COM',0,'AQAAAAEAACcQAAAAEL94m/Ykhr7iPPtvyrq9DJMXSX1vbc/DZcvt+f8wvcNr1sgwnJcg7z52VMd5PpRobA==','ZBEWTJUVB4DGHYWCTRSYLLMETROGLGV4','9e64205c-3f67-4c29-902b-8cde6474a3bd',NULL,0,0,NULL,1,0),('d0ffdbb4-d839-439e-8a6c-43626b0a467a','e3e3e3e3@gmail.com','E3E3E3E3@GMAIL.COM','e3e3e3e3@gmail.com','E3E3E3E3@GMAIL.COM',0,'AQAAAAEAACcQAAAAEOsokqr2nH0DDt9UmM0py3fXCDAg8HzIKM8E/6ziPahCEWh/NsoLfdDaw83f5RBP0w==','5FQP53YF5OTOGJ4HD6JOLEOZLP6TA3RR','bb12df30-6fdc-41a2-8e8d-1e0f6db8cbc1',NULL,0,0,NULL,1,0),('e031fff1-1b0d-42a2-b8be-a4c2e42773e4','thanhle213@gmail.com','THANHLE213@GMAIL.COM','thanhle213@gmail.com','THANHLE213@GMAIL.COM',0,'AQAAAAEAACcQAAAAEJhUZlK9QAxUEqSuKvbAd9fZG3r50WA2mdUbH8p4TX7sapnKZMFAjmT+MzykostcgQ==','K5QVHCIW22RUHY7WXCPPJNOJYYGHBYXN','b8443103-5eeb-4338-bb52-2c3383224930',NULL,0,0,NULL,1,0),('e3bfea52-acd6-4fb6-bd2f-faa11f4b4726','siunhan123@gmail.com','SIUNHAN123@GMAIL.COM','siunhan123@gmail.com','SIUNHAN123@GMAIL.COM',0,'AQAAAAEAACcQAAAAEJtTVoRO5WWopCN1ap62e3QZ3K4rEtkrbMLhYeHRYnTqonjm+KDMYeEssxRl8i/3YA==','HECTVJYQPRQ2Q6I7F3W7JCVH52FZLREZ','5107320b-5a99-4185-b652-f6b4805411ba',NULL,0,0,NULL,1,0),('e69b1952-ab63-49fa-8f23-5d0269de3586','admin@admin.com','ADMIN@ADMIN.COM','admin@admin.com','ADMIN@ADMIN.COM',1,'AQAAAAEAACcQAAAAEJxGOdw8XurcVYZ1tmOXfcpZGdDhCv9N6ireUgblRv6wS93otJv+SpPPZxSxvP5V2w==','UJETBI3OABADD6QF5SCYC3C25AO7MIGA','d32ce869-d54d-4565-ad60-788c404bf1cb',NULL,0,0,NULL,1,0),('e965160f-c455-4408-bece-8193f9a12b3b','luckyana7@gmail.com','LUCKYANA7@GMAIL.COM','luckyana7@gmail.com','LUCKYANA7@GMAIL.COM',1,'AQAAAAEAACcQAAAAEMVyU+zDxFf5JGCjAfFqePCL1Cr7zWjDEVOi8Ti/zTTnFWT92n+gsTBZHAzK8Ss0cQ==','NW3T4VKVSJVKZHTBIA7MMOADZMZKNL5P','464a8f52-6871-4403-a627-e88e452aac76',NULL,0,0,NULL,1,0),('ec0981c5-d090-48f6-9ba3-d9c09abdd31d','abcdefg@gmail.com','ABCDEFG@GMAIL.COM','abcdefg@gmail.com','ABCDEFG@GMAIL.COM',1,'AQAAAAEAACcQAAAAEEJWQwvDyQ/Mvv9FbgzwTLdOvAPDySlQ1aQtKrzihW957M+MWq4GCuJ0AR3PDBTfJg==','K6KEDTVMF3QMPRIQ7OEJU3EU5FLNW3BW','c7a9fe37-64de-4c54-82c3-b832e7ffe010',NULL,0,0,NULL,1,0),('edab3802-1731-4d7c-9c26-3df728c9fc2a','testadmin@server.com','TESTADMIN@SERVER.COM','testadmin@server.com','TESTADMIN@SERVER.COM',1,'AQAAAAEAACcQAAAAEOXLYLlReaDwsAYWziNfGOorkdLCuzKqhfElsqGIxNUlYHB6U/l+3KVwH8oy+NMVLQ==','IXL62LNO4MWQ7VVJMVWNTWRZOI4JJE74','3ecb89f4-8ef2-4781-8502-0f28b94ac8ea',NULL,0,0,NULL,1,0),('f3e9e557-8bc4-4147-b7fb-42d4694afc79','2342312@gmail.com','2342312@GMAIL.COM','2342312@gmail.com','2342312@GMAIL.COM',1,'AQAAAAEAACcQAAAAEGv6ifu9PRE6D3R0TduJ9WUA5A5BRqvbDFyhJWruXGhPNp93gT9n+jXPdoJYPWUKiA==','REJIQZBJ2CT5RONQBFCVLSSF6PNKAXSC','125ce7c2-bc15-43b4-9e08-5143b9856290',NULL,0,0,NULL,1,0),('fa05e420-3194-4f70-8739-5d52819f75d9','NewUser@gmail.com','NEWUSER@GMAIL.COM','NewUser@gmail.com','NEWUSER@GMAIL.COM',1,'AQAAAAEAACcQAAAAEI397ArsZtTPa5JQbB9K9/0fEymHaimaXa3kZy9EhGoD8hpKdOrHVX+ZgP5oEEdStA==','L5RCSD6JE5MRPC5VC2QDSYMHA4QHAG5U','f25df7e1-7c33-44c0-af87-6ac2cc9655ad',NULL,0,0,NULL,1,0);
/*!40000 ALTER TABLE `AspNetUsers` ENABLE KEYS */;
UNLOCK TABLES;

--
-- Table structure for table `Customer`
--

DROP TABLE IF EXISTS `Customer`;
/*!40101 SET @saved_cs_client     = @@character_set_client */;
/*!50503 SET character_set_client = utf8mb4 */;
CREATE TABLE `Customer` (
  `Customer_ID` int(11) NOT NULL AUTO_INCREMENT,
  `First_Name` varchar(32) NOT NULL,
  `Last_Name` varchar(32) NOT NULL,
  `Phone_Number` varchar(32) NOT NULL,
  `Email` varchar(255) NOT NULL,
  `Street_Name` varchar(255) NOT NULL,
  `Zip_Code` int(11) NOT NULL,
  `City` varchar(50) NOT NULL,
  `State` varchar(45) NOT NULL,
  `Password` varchar(32) DEFAULT NULL,
  PRIMARY KEY (`Customer_ID`)
) ENGINE=InnoDB AUTO_INCREMENT=1003 DEFAULT CHARSET=utf8;
/*!40101 SET character_set_client = @saved_cs_client */;

--
-- Dumping data for table `Customer`
--

LOCK TABLES `Customer` WRITE;
/*!40000 ALTER TABLE `Customer` DISABLE KEYS */;
INSERT INTO `Customer` VALUES (1,'Carissaa','Baldwin','706-709-7726','cbaldwin0@angelfire.com','82 Monica Street',31998,'Columbus','GA',NULL),(3,'Nita','McCoid','267-313-0242','nmccoid2@trellian.com','27 Judy Drive',19058,'Levittown','Pennsylvania',NULL),(4,'Sayre','Duding','215-300-6793','sduding3@networksolutions.com','82206 Meadow Ridge Lane',19191,'Philadelphia','Pennsylvania',NULL),(5,'Rosemaria','Sawood','202-993-4963','rsawood4@archive.org','18306 Maple Wood Point',20436,'Washington','District of Columbia',NULL),(6,'Jobey','Hedges','850-180-0227','jhedges5@huffingtonpost.com','93 Ridge Oak Junction',32526,'Pensacola','Florida',NULL),(7,'Francklin','Openshaw','713-985-1967','fopenshaw6@csmonitor.com','5 West Park',77255,'Houston','Texas',NULL),(8,'Axe','Tretwell','832-660-4231','atretwell7@miibeian.gov.cn','13030 Pleasure Junction',77386,'Spring','Texas',NULL),(9,'Benedikta','Treleaven','810-798-9221','btreleaven8@dot.gov','13442 Homewood Trail',48505,'Flint','Michigan',NULL),(10,'Effie','Salway','305-286-3060','esalway9@jigsy.com','3 Westridge Lane',33487,'Boca Raton','Florida',NULL),(11,'Enoch','Castiblanco','570-490-0826','ecastiblancoa@bloglovin.com','6 Mitchell Parkway',18768,'Wilkes Barre','Pennsylvania',NULL),(12,'Ewart','Kerrigan','303-121-2036','ekerriganb@aol.com','4 Stone Corner Hill',80045,'Aurora','Colorado',NULL),(13,'Owen','Burgoine','702-833-2290','oburgoinec@amazonaws.com','7 Pepper Wood Drive',89110,'Las Vegas','Nevada',NULL),(14,'Tessie','Bellson','216-542-0725','tbellsond@elegantthemes.com','926 Manitowish Parkway',44197,'Cleveland','Ohio',NULL),(15,'Kellen','Bonefant','808-809-4029','kbonefante@ocn.ne.jp','3 Northland Way',96840,'Honolulu','Hawaii',NULL),(16,'Mitchel','Gantlett','404-471-0448','mgantlettf@unblog.fr','83749 Oakridge Parkway',30336,'Atlanta','Georgia',NULL),(17,'Maurice','Nutbean','916-499-2199','mnutbeang@bizjournals.com','169 Commercial Terrace',94286,'Sacramento','California',NULL),(18,'Imojean','Shorter','713-490-4487','ishorterh@prweb.com','290 Anhalt Drive',77090,'Houston','Texas',NULL),(19,'Isis','Algeo','772-812-8087','ialgeoi@va.gov','3006 Buena Vista Avenue',32969,'Vero Beach','Florida',NULL),(20,'Lenka','Rix','636-479-1910','lrixj@posterous.com','72179 Drewry Circle',63131,'Saint Louis','Missouri',NULL),(21,'Kennett','Iceton','202-274-0202','kicetonk@51.la','77597 Loomis Center',20566,'Washington','District of Columbia',NULL),(22,'Linus','Yanyushkin','501-361-8332','lyanyushkinl@indiatimes.com','8550 Iowa Street',72215,'Little Rock','Arkansas',NULL),(23,'Enrika','Grieves','203-907-3504','egrievesm@smh.com.au','6172 Memorial Drive',6721,'Waterbury','Connecticut',NULL),(24,'Eldredge','Dumbell','304-474-2782','edumbelln@jiathis.com','34 Iowa Terrace',25362,'Charleston','West Virginia',NULL),(25,'Leila','Mouat','360-750-0587','lmouato@hugedomains.com','431 Golf Course Place',98121,'Seattle','Washington',NULL),(26,'Abel','Chesley','415-601-9749','achesleyp@sogou.com','874 Ilene Avenue',94137,'San Francisco','California',NULL),(27,'Kile','Persence','571-122-0494','kpersenceq@wikipedia.org','7 Judy Road',22093,'Ashburn','Virginia',NULL),(28,'Tobe','Farens','714-478-6294','tfarensr@abc.net.au','53628 Ridgeway Parkway',92862,'Orange','California',NULL),(29,'Evanne','Nestle','859-128-9271','enestles@businesswire.com','76321 Mayer Plaza',40591,'Lexington','Kentucky',NULL),(30,'Ofilia','Giffard','651-869-4602','ogiffardt@example.com','1 Bultman Plaza',55166,'Saint Paul','Minnesota',NULL),(31,'Brew','Sieb','936-449-3297','bsiebu@blogs.com','9396 Charing Cross Road',77343,'Huntsville','Texas',NULL),(32,'Raquel','Prisk','202-733-7859','rpriskv@time.com','63 Buell Circle',20420,'Washington','District of Columbia',NULL),(33,'Sammy','Dobrovolski','850-266-2375','sdobrovolskiw@msu.edu','04 Westend Avenue',34665,'Pinellas Park','Florida',NULL),(34,'Kelsey','Bolver','205-706-2416','kbolverx@gizmodo.com','51 Pawling Park',35263,'Birmingham','Alabama',NULL),(35,'Shelia','Witherington','901-775-8745','switheringtony@ustream.tv','78 Vermont Drive',38181,'Memphis','Tennessee',NULL),(36,'Opaline','Sangra','915-620-9004','osangraz@wordpress.com','278 Kipling Drive',79905,'El Paso','Texas',NULL),(37,'Chad','Skalls','209-550-5853','cskalls10@amazon.co.uk','347 Steensland Center',95219,'Stockton','California',NULL),(38,'Roman','Ericssen','716-472-3906','rericssen11@cargocollective.com','92 Haas Park',14269,'Buffalo','New York',NULL),(39,'Ansell','De Brett','419-214-1262','adebrett12@godaddy.com','916 Green Way',43699,'Toledo','Ohio',NULL),(40,'Egan','Facey','214-270-6416','efacey13@unc.edu','5 Fairview Parkway',76210,'Denton','Texas',NULL),(41,'Jojo','Halbert','434-479-8590','jhalbert14@scientificamerican.com','42 Debra Terrace',24515,'Lynchburg','Virginia',NULL),(42,'Mella','Challenger','309-643-2918','mchallenger15@joomla.org','29856 Corscot Street',61709,'Bloomington','Illinois',NULL),(43,'Dorine','Bownass','480-324-5506','dbownass16@dmoz.org','887 Green Ridge Lane',85284,'Tempe','Arizona',NULL),(44,'Zorah','Sylvester','651-142-0624','zsylvester17@cbsnews.com','8554 Nobel Lane',55108,'Saint Paul','Minnesota',NULL),(45,'Aeriela','Schroder','757-753-1685','aschroder18@pen.io','241 Kennedy Court',23454,'Virginia Beach','Virginia',NULL),(46,'Dinnie','Muckle','505-183-3461','dmuckle19@unicef.org','633 Bonner Terrace',87110,'Albuquerque','New Mexico',NULL),(47,'Cammie','Chippin','760-696-0957','cchippin1a@amazon.de','86 Dwight Road',92030,'Escondido','California',NULL),(48,'Mellicent','Yard','808-843-5569','myard1b@51.la','20 Badeau Trail',96805,'Honolulu','Hawaii',NULL),(49,'Rachel','Howsam','770-524-2616','rhowsam1c@etsy.com','652 Emmet Plaza',30092,'Norcross','Georgia',NULL),(50,'Papageno','Auden','512-832-1189','pauden1d@state.tx.us','74409 Ryan Road',78732,'Austin','Texas',NULL),(51,'Bartram','Shay','520-316-8474','bshay1e@reuters.com','1682 Hagan Street',85725,'Tucson','Arizona',NULL),(52,'Del','Villiers','573-482-7063','dvilliers1f@ca.gov','666 Norway Maple Point',65211,'Columbia','Missouri',NULL),(53,'Roosevelt','Armstead','503-797-3409','rarmstead1g@hao123.com','6680 Mesta Pass',97211,'Portland','Oregon',NULL),(54,'Abe','Winkell','719-937-6315','awinkell1h@i2i.jp','83988 Colorado Trail',80910,'Colorado Springs','Colorado',NULL),(55,'Brewer','Goodings','407-701-0872','bgoodings1i@geocities.jp','05073 Columbus Road',32891,'Orlando','Florida',NULL),(56,'Ruben','Demeza','941-315-9925','rdemeza1j@dion.ne.jp','340 Rowland Center',33982,'Punta Gorda','Florida',NULL),(57,'Gaby','Gateman','334-722-2802','ggateman1k@weather.com','23 Steensland Crossing',36195,'Montgomery','Alabama',NULL),(58,'Linnell','Dybell','203-932-3762','ldybell1l@seesaa.net','567 Hazelcrest Terrace',6533,'New Haven','Connecticut',NULL),(59,'Saunder','Scoines','702-868-7438','sscoines1m@narod.ru','46 Hudson Center',89160,'Las Vegas','Nevada',NULL),(60,'Cherianne','Micheau','812-344-8051','cmicheau1n@privacy.gov.au','30568 Fairfield Junction',47725,'Evansville','Indiana',NULL),(61,'Enriqueta','Ravens','505-845-3547','eravens1o@t.co','3925 Northfield Trail',87180,'Albuquerque','New Mexico',NULL),(62,'Trixie','Higgan','239-542-7645','thiggan1p@goodreads.com','9818 Warbler Court',34108,'Naples','Florida',NULL),(63,'Mechelle','Ibell','915-985-0867','mibell1q@youku.com','4 Browning Lane',79977,'El Paso','Texas',NULL),(64,'Niko','Tunnoch','804-499-8834','ntunnoch1r@multiply.com','17 Troy Circle',23208,'Richmond','Virginia',NULL),(65,'Candie','Grabban','614-102-1551','cgrabban1s@techcrunch.com','2120 Ohio Crossing',43210,'Columbus','Ohio',NULL),(66,'Idalia','Ladbury','214-511-8714','iladbury1t@washington.edu','93 Green Ridge Lane',75397,'Dallas','Texas',NULL),(67,'Revkah','Tarn','508-576-6098','rtarn1u@bandcamp.com','72 Bunting Way',2142,'Cambridge','Massachusetts',NULL),(68,'Jaquith','Batie','949-314-0455','jbatie1v@hc360.com','8913 Logan Court',92110,'San Diego','California',NULL),(69,'Lucius','Hagart','603-128-4273','lhagart1w@economist.com','920 Riverside Hill',3105,'Manchester','New Hampshire',NULL),(70,'Orella','Gozzett','682-302-3969','ogozzett1x@t.co','0 Bluejay Court',76105,'Fort Worth','Texas',NULL),(71,'Arline','Burchard','402-716-1614','aburchard1y@wp.com','80771 Park Meadow Terrace',68197,'Omaha','Nebraska',NULL),(72,'Ami','Braemer','505-416-3762','abraemer1z@phpbb.com','99846 Emmet Parkway',87201,'Albuquerque','New Mexico',NULL),(73,'Haily','Winteringham','609-593-1885','hwinteringham20@a8.net','2302 Towne Crossing',8638,'Trenton','New Jersey',NULL),(74,'Raff','Cescon','765-871-2696','rcescon21@ask.com','0939 Sycamore Place',47905,'Lafayette','Indiana',NULL),(75,'Nicol','Tomczak','971-546-0486','ntomczak22@washington.edu','120 Raven Alley',97271,'Portland','Oregon',NULL),(76,'Linoel','Amy','361-479-5799','lamy23@newyorker.com','8 Judy Hill',78415,'Corpus Christi','Texas',NULL),(77,'Way','Gatfield','415-832-7289','wgatfield24@opera.com','63742 Service Lane',94159,'San Francisco','California',NULL),(78,'Lorilee','O\'Deoran','419-557-9414','lodeoran25@edublogs.org','1397 Riverside Road',43699,'Toledo','Ohio',NULL),(79,'Karleen','Blaylock','224-111-3695','kblaylock26@forbes.com','7 Badeau Plaza',60193,'Schaumburg','Illinois',NULL),(80,'Schuyler','Farans','608-101-1236','sfarans27@furl.net','9589 Lawn Way',53710,'Madison','Wisconsin',NULL),(81,'Demetra','Blackney','757-509-9639','dblackney28@mozilla.org','055 4th Park',23668,'Hampton','Virginia',NULL),(82,'Margette','Kaye','952-304-4884','mkaye29@booking.com','46004 Maple Wood Crossing',55412,'Minneapolis','Minnesota',NULL),(83,'Shantee','Ruffli','304-797-5318','sruffli2a@lulu.com','857 Farwell Park',25709,'Huntington','West Virginia',NULL),(84,'Fawne','Gendrich','717-751-6375','fgendrich2b@xinhuanet.com','7605 Alpine Alley',17105,'Harrisburg','Pennsylvania',NULL),(85,'Farica','Andri','254-395-6858','fandri2c@hibu.com','339 Esch Avenue',76505,'Temple','Texas',NULL),(86,'Carlin','Trahmel','469-886-0750','ctrahmel2d@apache.org','95912 Mendota Parkway',75251,'Dallas','Texas',NULL),(87,'Daisey','Mcwhinney','503-515-7476','dmcwhinney2e@elegantthemes.com','85 Independence Junction',97232,'Portland','Oregon',NULL),(88,'Belia','Puttan','260-523-3116','bputtan2f@ycombinator.com','720 Onsgard Way',46825,'Fort Wayne','Indiana',NULL),(89,'Meade','Cutteridge','509-681-3934','mcutteridge2g@dagondesign.com','948 Cordelia Junction',98907,'Yakima','Washington',NULL),(90,'Quinta','Dillimore','859-902-8590','qdillimore2h@java.com','33838 Independence Plaza',40586,'Lexington','Kentucky',NULL),(91,'Doll','Ebbett','281-949-2359','debbett2i@baidu.com','7 Butternut Avenue',77346,'Humble','Texas',NULL),(92,'Dottie','MacCombe','913-552-1775','dmaccombe2j@cyberchimps.com','02 Stang Court',66210,'Shawnee Mission','Kansas',NULL),(93,'Jyoti','Todd','865-145-8415','jtodd2k@bandcamp.com','8 Barnett Court',37931,'Knoxville','Tennessee',NULL),(94,'Dorree','Charleston','619-650-8177','dcharleston2l@reverbnation.com','16185 Ohio Lane',92176,'San Diego','California',NULL),(95,'Mac','Goosey','212-807-3263','mgoosey2m@slideshare.net','6 Hanover Trail',10175,'New York City','New York',NULL),(96,'Merrie','Basnett','971-791-0234','mbasnett2n@cbc.ca','9846 Pankratz Place',97255,'Portland','Oregon',NULL),(97,'Sigismundo','Levins','860-532-4947','slevins2o@webmd.com','3 Stone Corner Point',6127,'West Hartford','Connecticut',NULL),(98,'Noami','Cristofano','231-115-0835','ncristofano2p@apple.com','76 Graceland Street',49444,'Muskegon','Michigan',NULL),(99,'Nona','Leopold','918-191-6012','nleopold2q@networksolutions.com','64 Lakeland Plaza',74133,'Tulsa','Oklahoma',NULL),(100,'Burgess','De Michele','310-907-3619','bdemichele2r@answers.com','7383 Fuller Point',92844,'Garden Grove','California',NULL),(101,'Evvie','Bulbrook','570-830-9926','ebulbrook2s@bbc.co.uk','65 Center Plaza',18763,'Wilkes Barre','Pennsylvania',NULL),(102,'Prentiss','Albrook','801-848-4152','palbrook2t@marketwatch.com','367 Northwestern Court',84120,'Salt Lake City','Utah',NULL),(103,'Emanuel','Swadlen','337-327-1545','eswadlen2u@shareasale.com','7779 Straubel Court',70505,'Lafayette','Louisiana',NULL),(104,'Shell','MacEveley','651-697-6827','smaceveley2v@reference.com','5345 Banding Trail',55115,'Saint Paul','Minnesota',NULL),(105,'Aldo','Melwall','806-887-8677','amelwall2w@canalblog.com','8 Hollow Ridge Avenue',79452,'Lubbock','Texas',NULL),(106,'Wade','Lidgey','618-390-0333','wlidgey2x@hugedomains.com','6 Carberry Park',62205,'East Saint Louis','Illinois',NULL),(107,'Rhea','Stickells','202-534-8757','rstickells2y@smh.com.au','02 Division Circle',20436,'Washington','District of Columbia',NULL),(108,'Renard','Goble','417-645-8802','rgoble2z@cnn.com','08 1st Place',65805,'Springfield','Missouri',NULL),(109,'Timmi','Toffoloni','251-951-0435','ttoffoloni30@abc.net.au','101 Mayer Center',36610,'Mobile','Alabama',NULL),(110,'Orel','Pendrick','914-447-1983','opendrick31@mit.edu','89 Memorial Lane',10310,'Staten Island','New York',NULL),(111,'Kareem','Yesenev','919-885-1701','kyesenev32@examiner.com','80 Westport Trail',27626,'Raleigh','North Carolina',NULL),(112,'Nicola','McAloren','310-230-2948','nmcaloren33@macromedia.com','2 Claremont Way',90305,'Inglewood','California',NULL),(113,'Ruthy','Maxfield','407-991-5819','rmaxfield34@facebook.com','55592 Dawn Lane',32813,'Orlando','Florida',NULL),(114,'Reiko','Darkin','918-723-6152','rdarkin35@dropbox.com','953 Mosinee Court',74170,'Tulsa','Oklahoma',NULL),(115,'Bertine','Quantick','718-590-2404','bquantick36@hud.gov','171 Red Cloud Place',11215,'Brooklyn','New York',NULL),(116,'Hal','Francecione','864-213-2381','hfrancecione37@princeton.edu','2378 Reindahl Avenue',29305,'Spartanburg','South Carolina',NULL),(117,'Adela','Pyffe','323-564-5791','apyffe38@bluehost.com','0 Vera Alley',91411,'Van Nuys','California',NULL),(118,'Viole','Norewood','256-134-2316','vnorewood39@uiuc.edu','189 Spenser Road',35810,'Huntsville','Alabama',NULL),(119,'Ferrell','Pinyon','559-309-4183','fpinyon3a@friendfeed.com','5 Glendale Alley',93715,'Fresno','California',NULL),(120,'Berry','Ardley','216-315-2475','bardley3b@tinypic.com','5 Surrey Terrace',44191,'Cleveland','Ohio',NULL),(121,'Joyann','Sperring','202-966-9849','jsperring3c@xrea.com','3975 Weeping Birch Plaza',20088,'Washington','District of Columbia',NULL),(122,'Odille','Boyet','714-262-0835','oboyet3d@sciencedaily.com','39 Elka Avenue',92844,'Garden Grove','California',NULL),(123,'Dalli','Truss','404-628-0117','dtruss3e@clickbank.net','44 Eagan Terrace',30380,'Atlanta','Georgia',NULL),(124,'Elbertina','Klimkovich','301-907-3278','eklimkovich3f@g.co','77501 Wayridge Hill',21203,'Baltimore','Maryland',NULL),(125,'Doroteya','Laurenson','865-160-1607','dlaurenson3g@theglobeandmail.com','625 Jay Plaza',37931,'Knoxville','Tennessee',NULL),(126,'Darrick','Asprey','865-555-9774','dasprey3h@example.com','4 Melody Park',37924,'Knoxville','Tennessee',NULL),(127,'Cameron','Stolz','805-388-1765','cstolz3i@paypal.com','55 Raven Alley',93094,'Simi Valley','California',NULL),(128,'Georgetta','Warrener','210-617-4174','gwarrener3j@china.com.cn','033 Moose Parkway',78296,'San Antonio','Texas',NULL),(129,'Winni','McMains','601-224-5491','wmcmains3k@netvibes.com','636 Blue Bill Park Avenue',39282,'Jackson','Mississippi',NULL),(130,'Joachim','Tregea','951-347-6687','jtregea3l@umich.edu','15410 Wayridge Center',92513,'Riverside','California',NULL),(131,'Collin','Leverton','716-287-7207','cleverton3m@paypal.com','288 Ridgeview Hill',14263,'Buffalo','New York',NULL),(132,'Karl','de Voiels','719-150-1402','kdevoiels3n@usda.gov','73 Sycamore Way',80940,'Colorado Springs','Colorado',NULL),(133,'Rorie','Ellwand','989-245-7483','rellwand3o@samsung.com','42056 Texas Hill',48609,'Saginaw','Michigan',NULL),(134,'Moselle','Shoebottom','218-118-4489','mshoebottom3p@hud.gov','62258 Sutherland Pass',55811,'Duluth','Minnesota',NULL),(135,'Jillie','Oakey','240-954-8019','joakey3q@mozilla.org','51 Starling Terrace',21705,'Frederick','Maryland',NULL),(136,'Jacki','Corley','361-987-7522','jcorley3r@discuz.net','308 Summerview Center',78410,'Corpus Christi','Texas',NULL),(137,'Stacia','Paolo','212-889-0917','spaolo3s@free.fr','50477 Alpine Parkway',10165,'New York City','New York',NULL),(138,'Anallese','Brownlee','352-704-7683','abrownlee3t@google.co.jp','9 Springs Street',32605,'Gainesville','Florida',NULL),(139,'Nicolle','Iron','256-678-8023','niron3u@example.com','6 Scofield Lane',35895,'Huntsville','Alabama',NULL),(140,'Wilek','Riccardi','505-361-4044','wriccardi3v@skype.com','00505 Esch Terrace',87121,'Albuquerque','New Mexico',NULL),(141,'Cher','Sallier','410-665-7501','csallier3w@sun.com','27 Pine View Point',21216,'Baltimore','Maryland',NULL),(142,'Garvy','Crowcum','716-169-9769','gcrowcum3x@stanford.edu','4385 Lien Court',14205,'Buffalo','New York',NULL),(143,'Cecilio','Buggs','318-802-0925','cbuggs3y@addthis.com','3300 Parkside Street',71115,'Shreveport','Louisiana',NULL),(144,'Anetta','Thayre','315-686-9584','athayre3z@statcounter.com','70318 Montana Parkway',13217,'Syracuse','New York',NULL),(145,'Chauncey','Trower','773-665-7541','ctrower40@time.com','69 Prairie Rose Park',60619,'Chicago','Illinois',NULL),(146,'Mata','Redwin','214-354-7910','mredwin41@digg.com','7 Marcy Parkway',75277,'Dallas','Texas',NULL),(147,'Thornton','Hannigane','786-430-2213','thannigane42@adobe.com','9294 Hoffman Circle',33111,'Miami','Florida',NULL),(148,'Ester','Basilotta','817-430-3291','ebasilotta43@netvibes.com','428 Erie Point',76134,'Fort Worth','Texas',NULL),(149,'Chen','Reckless','573-152-7743','creckless44@canalblog.com','38433 Springs Alley',65110,'Jefferson City','Missouri',NULL),(150,'Onfre','McPaik','405-787-3797','omcpaik45@opera.com','22460 Cottonwood Circle',73104,'Oklahoma City','Oklahoma',NULL),(151,'Louise','Highway','408-913-6289','lhighway46@intel.com','80 Parkside Parkway',95194,'San Jose','California',NULL),(152,'Grace','Hillin','502-383-0153','ghillin47@lulu.com','66 Hayes Parkway',40250,'Louisville','Kentucky',NULL),(153,'Fabio','Mirando','203-442-0710','fmirando48@example.com','1439 Northview Plaza',6859,'Norwalk','Connecticut',NULL),(154,'Mozelle','Fernehough','256-678-9940','mfernehough49@com.com','29 Summit Hill',35805,'Huntsville','Alabama',NULL),(155,'Domenico','Kells','716-753-0825','dkells4a@vk.com','8780 Red Cloud Park',14210,'Buffalo','New York',NULL),(156,'Piggy','Teasdale','504-314-0810','pteasdale4b@dell.com','7983 Dryden Junction',70142,'New Orleans','Louisiana',NULL),(157,'Michell','Anstiss','952-709-4006','manstiss4c@bbb.org','6133 Utah Pass',55551,'Young America','Minnesota',NULL),(158,'Bertie','Ellard','303-724-0627','bellard4d@php.net','5625 Novick Place',80126,'Littleton','Colorado',NULL),(159,'Falito','Elecum','707-646-8733','felecum4e@skyrock.com','8 Goodland Circle',94975,'Petaluma','California',NULL),(160,'Thia','Wadly','812-489-1448','twadly4f@godaddy.com','42 East Crossing',47405,'Bloomington','Indiana',NULL),(161,'Yalonda','Fowlston','917-626-0480','yfowlston4g@cbc.ca','0 Sunfield Way',10039,'New York City','New York',NULL),(162,'Orlan','Gottschalk','502-132-9143','ogottschalk4h@baidu.com','1701 Kenwood Drive',40215,'Louisville','Kentucky',NULL),(163,'Roby','Brierley','360-727-2215','rbrierley4i@upenn.edu','696 Village Green Crossing',98687,'Vancouver','Washington',NULL),(164,'Cherice','Osborn','510-411-6696','cosborn4j@seesaa.net','04 Iowa Avenue',94622,'Oakland','California',NULL),(165,'Row','Seamon','307-278-5806','rseamon4k@arstechnica.com','43 Arapahoe Way',82007,'Cheyenne','Wyoming',NULL),(166,'Sarena','Gail','432-543-2632','sgail4l@umn.edu','710 Wayridge Park',79769,'Odessa','Texas',NULL),(167,'Colman','Kepp','203-423-1181','ckepp4m@ask.com','93123 Logan Center',6825,'Fairfield','Connecticut',NULL),(168,'Tobiah','Itzcovich','919-421-1734','titzcovich4n@go.com','73029 Village Green Parkway',27605,'Raleigh','North Carolina',NULL),(169,'Brittani','Eytel','202-483-3624','beytel4o@msu.edu','0 Morrow Way',20580,'Washington','District of Columbia',NULL),(170,'Maggie','Attenbrow','214-986-9939','mattenbrow4p@blogs.com','38973 Killdeer Terrace',75323,'Dallas','Texas',NULL),(171,'Kleon','Breeds','202-313-1215','kbreeds4q@biglobe.ne.jp','01 Maywood Trail',20910,'Silver Spring','Maryland',NULL),(172,'Pattie','Quemby','786-594-3105','pquemby4r@sourceforge.net','451 Farmco Pass',33196,'Miami','Florida',NULL),(173,'Lethia','Garnham','412-847-5288','lgarnham4s@stumbleupon.com','2330 Sheridan Street',15255,'Pittsburgh','Pennsylvania',NULL),(174,'Carmine','Sugarman','443-909-8797','csugarman4t@tmall.com','44370 Meadow Valley Park',21229,'Baltimore','Maryland',NULL),(175,'Friedrick','Caldairou','317-417-2482','fcaldairou4u@hostgator.com','8 Johnson Point',46216,'Indianapolis','Indiana',NULL),(176,'Vonny','Ville','614-725-0319','vville4v@google.co.jp','7641 Fallview Court',43220,'Columbus','Ohio',NULL),(177,'Denise','Thon','202-397-0370','dthon4w@shinystat.com','1188 Gulseth Way',20551,'Washington','District of Columbia',NULL),(178,'Thatch','Decruse','304-280-7565','tdecruse4x@tinyurl.com','0326 6th Alley',25726,'Huntington','West Virginia',NULL),(179,'Alanna','Flohard','215-381-2960','aflohard4y@yale.edu','7 Mandrake Circle',19151,'Philadelphia','Pennsylvania',NULL),(180,'Zelig','Mabbot','808-624-9816','zmabbot4z@123-reg.co.uk','94187 Mandrake Point',96835,'Honolulu','Hawaii',NULL),(181,'Holly-anne','Ierland','505-504-0087','hierland50@vimeo.com','07 Monterey Court',87592,'Santa Fe','New Mexico',NULL),(182,'Davida','Burrett','770-705-2512','dburrett51@mapquest.com','30 Paget Lane',30061,'Marietta','Georgia',NULL),(183,'Berkie','Giacomo','518-488-4150','bgiacomo52@tinypic.com','06 Corben Circle',12210,'Albany','New York',NULL),(184,'Xenia','Cymper','646-480-7399','xcymper53@nature.com','946 Beilfuss Way',10060,'New York City','New York',NULL),(185,'Shea','Clemenson','412-821-4335','sclemenson54@npr.org','09 Forest Run Road',15220,'Pittsburgh','Pennsylvania',NULL),(186,'Berkie','Twydell','423-684-1165','btwydell55@vk.com','8 Clemons Terrace',37410,'Chattanooga','Tennessee',NULL),(187,'Joelynn','McDuffie','206-437-8786','jmcduffie56@wufoo.com','74 Charing Cross Junction',98127,'Seattle','Washington',NULL),(188,'Raphael','Warwicker','701-645-2590','rwarwicker57@livejournal.com','2 Forest Dale Terrace',58207,'Grand Forks','North Dakota',NULL),(189,'Chandal','Petyanin','714-861-8111','cpetyanin58@geocities.jp','750 Oak Valley Alley',92725,'Santa Ana','California',NULL),(190,'Mark','Glynne','512-343-6307','mglynne59@ebay.co.uk','5932 Calypso Place',78778,'Austin','Texas',NULL),(191,'Karil','Seefeldt','818-938-6676','kseefeldt5a@example.com','9177 Stone Corner Court',91109,'Pasadena','California',NULL),(192,'Rad','Akenhead','803-313-6674','rakenhead5b@springer.com','02 Holy Cross Court',29208,'Columbia','South Carolina',NULL),(193,'Lacie','Bault','808-754-8004','lbault5c@adobe.com','46023 Shopko Parkway',96850,'Honolulu','Hawaii',NULL),(194,'Tabbatha','Kovelmann','915-855-9912','tkovelmann5d@upenn.edu','00453 Division Pass',79916,'El Paso','Texas',NULL),(195,'Rene','Vase','303-397-4309','rvase5e@seattletimes.com','0980 Hoepker Center',80262,'Denver','Colorado',NULL),(196,'Reinaldos','Eddy','561-845-6582','reddy5f@arstechnica.com','787 Mallory Plaza',33436,'Boynton Beach','Florida',NULL),(197,'Franchot','Ville','817-613-8621','fville5g@walmart.com','64 Lawn Terrace',76147,'Fort Worth','Texas',NULL),(198,'Lacee','Burchnall','213-372-4341','lburchnall5h@163.com','9 Doe Crossing Place',90050,'Los Angeles','California',NULL),(199,'Lorenza','Denne','208-583-9106','ldenne5i@twitter.com','0072 Elka Crossing',83405,'Idaho Falls','Idaho',NULL),(200,'Sharla','Besemer','215-530-2948','sbesemer5j@themeforest.net','131 Loftsgordon Crossing',19125,'Philadelphia','Pennsylvania',NULL),(201,'Ardene','McHan','714-614-5340','amchan5k@themeforest.net','7 Bonner Terrace',92867,'Orange','California',NULL),(202,'Chryste','Matias','512-868-9972','cmatias5l@wikimedia.org','9 Quincy Avenue',78759,'Austin','Texas',NULL),(203,'Cordi','Frantzeni','419-834-8225','cfrantzeni5m@xing.com','69 Barby Circle',43615,'Toledo','Ohio',NULL),(204,'Ansley','Tourner','916-696-8693','atourner5n@privacy.gov.au','692 Nova Terrace',94257,'Sacramento','California',NULL),(205,'Clemens','McCuish','936-891-7952','cmccuish5o@flickr.com','46 Vidon Road',77343,'Huntsville','Texas',NULL),(206,'Neils','Bahde','713-482-4748','nbahde5p@microsoft.com','027 Kingsford Park',77085,'Houston','Texas',NULL),(207,'Valencia','Whitehouse','605-444-1379','vwhitehouse5q@about.com','6143 Dovetail Way',57188,'Sioux Falls','South Dakota',NULL),(208,'Perice','Beldum','608-933-6118','pbeldum5r@ucoz.com','0694 Mccormick Street',53726,'Madison','Wisconsin',NULL),(209,'Tabatha','Aulsford','702-921-1590','taulsford5s@ask.com','12 Summit Park',89166,'Las Vegas','Nevada',NULL),(210,'Leonora','Starmont','916-735-6566','lstarmont5t@last.fm','4233 Eagan Crossing',95852,'Sacramento','California',NULL),(211,'Christyna','Liddiard','909-929-0883','cliddiard5u@bigcartel.com','094 Mockingbird Avenue',92505,'Riverside','California',NULL),(212,'Anya','Cashford','818-518-7533','acashford5v@ucoz.com','11 Ohio Court',91205,'Glendale','California',NULL),(213,'Robin','Quenell','210-590-7778','rquenell5w@youtube.com','73 Carpenter Way',78205,'San Antonio','Texas',NULL),(214,'Lee','Fort','574-199-6535','lfort5x@delicious.com','44 Commercial Trail',46634,'South Bend','Indiana',NULL),(215,'Jess','Chattoe','979-428-1802','jchattoe5y@tripadvisor.com','0714 Ronald Regan Junction',77844,'College Station','Texas',NULL),(216,'Timi','Packman','818-773-1113','tpackman5z@nature.com','59 North Road',91328,'Northridge','California',NULL),(217,'Erda','Brewitt','303-116-0975','ebrewitt60@indiegogo.com','66495 Donald Point',80310,'Boulder','Colorado',NULL),(218,'Warren','Saveall','320-117-9787','wsaveall61@scribd.com','031 Myrtle Crossing',56372,'Saint Cloud','Minnesota',NULL),(219,'Barb','Costy','775-240-8047','bcosty62@cdbaby.com','99 Esker Drive',89706,'Carson City','Nevada',NULL),(220,'Jennee','Chessor','212-999-7399','jchessor63@howstuffworks.com','8 Myrtle Street',10249,'New York City','New York',NULL),(221,'Jenda','Kitcatt','860-824-3997','jkitcatt64@google.cn','7862 Lillian Circle',6152,'Hartford','Connecticut',NULL),(222,'Loreen','McKeeman','203-684-6009','lmckeeman65@clickbank.net','12 Miller Pass',6505,'New Haven','Connecticut',NULL),(223,'Uta','Gumm','404-411-6400','ugumm66@google.com.hk','50 Hayes Court',30340,'Atlanta','Georgia',NULL),(224,'Jarrod','Halt','561-300-8132','jhalt67@wufoo.com','69 Monterey Lane',33467,'Lake Worth','Florida',NULL),(225,'Rhea','Habgood','626-442-4221','rhabgood68@mozilla.com','4 Reindahl Circle',91131,'Pasadena','California',NULL),(226,'Brooke','Bullivent','404-885-5650','bbullivent69@chronoengine.com','59669 Goodland Court',30358,'Atlanta','Georgia',NULL),(227,'Jobi','Di Dello','916-275-6308','jdidello6a@answers.com','10 Eagan Road',95894,'Sacramento','California',NULL),(228,'Silvain','Stilgoe','609-900-0169','sstilgoe6b@bluehost.com','41 Sutteridge Center',8619,'Trenton','New Jersey',NULL),(229,'Sela','Redbourn','512-664-2942','sredbourn6c@paypal.com','09375 Algoma Trail',78754,'Austin','Texas',NULL),(230,'Othelia','Jonathon','303-407-7002','ojonathon6d@naver.com','58408 Scofield Terrace',80291,'Denver','Colorado',NULL),(231,'Sutherlan','Maiden','213-705-1680','smaiden6e@independent.co.uk','0 Debra Crossing',90081,'Los Angeles','California',NULL),(232,'Janetta','Pauer','208-333-9137','jpauer6f@sakura.ne.jp','8216 Trailsway Court',83705,'Boise','Idaho',NULL),(233,'Doti','Dealey','612-906-1481','ddealey6g@foxnews.com','57 Meadow Valley Street',55480,'Minneapolis','Minnesota',NULL),(234,'Arlena','Barette','616-577-8203','abarette6h@timesonline.co.uk','915 Susan Center',49505,'Grand Rapids','Michigan',NULL),(235,'David','Ferreira','714-758-2228','dferreira6i@booking.com','089 Mitchell Way',92825,'Anaheim','California',NULL),(236,'Lou','Fries','412-905-9164','lfries6j@ow.ly','05925 Hagan Court',15240,'Pittsburgh','Pennsylvania',NULL),(237,'Juan','Kerner','907-393-9307','jkerner6k@sogou.com','389 Dottie Plaza',99812,'Juneau','Alaska',NULL),(238,'Rebekah','Coward','330-309-0578','rcoward6l@mit.edu','40 Pennsylvania Center',44555,'Youngstown','Ohio',NULL),(239,'Dorian','Gerner','501-531-7176','dgerner6m@hao123.com','10905 American Parkway',72199,'North Little Rock','Arkansas',NULL),(240,'Cyril','Thomsson','215-743-5903','cthomsson6n@netvibes.com','04 Bunting Way',19191,'Philadelphia','Pennsylvania',NULL),(241,'Tatiania','Spivie','973-224-9657','tspivie6o@archive.org','73 Little Fleur Place',7104,'Newark','New Jersey',NULL),(242,'Sarene','Haggarty','618-988-2409','shaggarty6p@cbsnews.com','60741 International Terrace',62205,'East Saint Louis','Illinois',NULL),(243,'Betsy','Learoyd','914-554-7706','blearoyd6q@cnet.com','8 Grasskamp Point',10464,'Bronx','New York',NULL),(244,'Lawry','Thresher','865-630-9302','lthresher6r@alibaba.com','82 Sunbrook Trail',37914,'Knoxville','Tennessee',NULL),(245,'Barclay','Adnett','210-333-0177','badnett6s@uiuc.edu','935 Evergreen Plaza',78220,'San Antonio','Texas',NULL),(246,'Haydon','Winters','305-140-9359','hwinters6t@goodreads.com','849 Oneill Avenue',33196,'Miami','Florida',NULL),(247,'Shela','Powney','602-336-5106','spowney6u@ucla.edu','0 Sachtjen Way',85015,'Phoenix','Arizona',NULL),(248,'Cyrillus','Hoy','404-344-3892','choy6v@trellian.com','08 Sachs Parkway',30392,'Atlanta','Georgia',NULL),(249,'Ray','Leroux','214-378-0060','rleroux6w@furl.net','51274 Tony Park',75342,'Dallas','Texas',NULL),(250,'Colly','Cabedo','601-357-2513','ccabedo6x@sogou.com','3401 Ramsey Parkway',39236,'Jackson','Mississippi',NULL),(251,'Alfie','Oseman','203-944-0193','aoseman6y@sina.com.cn','274 Bellgrove Circle',6705,'Waterbury','Connecticut',NULL),(252,'Rana','Berkley','702-155-4702','rberkley6z@creativecommons.org','529 Fuller Lane',89012,'Henderson','Nevada',NULL),(253,'Antonius','Rubica','770-881-2216','arubica70@etsy.com','10 Lunder Lane',30061,'Marietta','Georgia',NULL),(254,'Brockie','Furber','513-242-0605','bfurber71@java.com','77 2nd Avenue',45249,'Cincinnati','Ohio',NULL),(255,'Jehu','Swiffin','202-448-8957','jswiffin72@weibo.com','1 Longview Circle',20078,'Washington','District of Columbia',NULL),(256,'Roslyn','Giovannoni','813-791-9318','rgiovannoni73@nydailynews.com','3 Dryden Pass',33615,'Tampa','Florida',NULL),(257,'Gypsy','Castella','559-606-6292','gcastella74@ning.com','963 Rigney Street',93750,'Fresno','California',NULL),(258,'Debra','Rockliffe','202-310-5137','drockliffe75@about.com','79 Blue Bill Park Circle',20420,'Washington','District of Columbia',NULL),(259,'Elmer','Tregent','402-123-0033','etregent76@wikipedia.org','2 Clarendon Drive',68164,'Omaha','Nebraska',NULL),(260,'Stace','Renowden','303-683-4121','srenowden77@miitbeian.gov.cn','139 Cascade Court',80241,'Denver','Colorado',NULL),(261,'Karly','Blakeney','808-855-3584','kblakeney78@hostgator.com','1334 Stephen Avenue',96820,'Honolulu','Hawaii',NULL),(262,'Ezechiel','McDell','573-668-6395','emcdell79@yandex.ru','0823 Leroy Drive',65218,'Columbia','Missouri',NULL),(263,'Carlyn','Benaine','860-402-5591','cbenaine7a@sfgate.com','4 Manley Pass',6160,'Hartford','Connecticut',NULL),(264,'Lenard','O\'Cullen','414-281-6841','locullen7b@japanpost.jp','128 Sunbrook Way',53220,'Milwaukee','Wisconsin',NULL),(265,'Ferdy','Sorrell','682-892-1008','fsorrell7c@wikia.com','5431 Commercial Drive',76198,'Fort Worth','Texas',NULL),(266,'Roderich','Mitchard','254-555-4168','rmitchard7d@flavors.me','16 Pleasure Drive',76705,'Waco','Texas',NULL),(267,'Kaitlyn','Hagland','858-768-2379','khagland7e@pen.io','25 Sunfield Plaza',92668,'Orange','California',NULL),(268,'Lion','Winnett','502-438-0759','lwinnett7f@studiopress.com','996 Mccormick Circle',40210,'Louisville','Kentucky',NULL),(269,'Mort','Knobell','419-568-1542','mknobell7g@edublogs.org','3632 Judy Trail',44905,'Mansfield','Ohio',NULL),(270,'Flem','Dudney','602-424-0544','fdudney7h@nasa.gov','74963 Oneill Terrace',85297,'Gilbert','Arizona',NULL),(271,'Marne','Jeckells','912-575-9824','mjeckells7i@amazon.de','3204 Menomonie Crossing',31416,'Savannah','Georgia',NULL),(272,'Camellia','Kilbride','520-759-6103','ckilbride7j@patch.com','04 Scoville Road',85743,'Tucson','Arizona',NULL),(273,'Reinaldos','Kedslie','650-374-8520','rkedslie7k@un.org','7400 Monica Alley',94042,'Mountain View','California',NULL),(274,'Mirna','Lewsie','415-830-2252','mlewsie7l@hao123.com','273 Fairfield Hill',94126,'San Francisco','California',NULL),(275,'Ladonna','Ivermee','336-869-8364','livermee7m@comcast.net','683 Gerald Pass',27150,'Winston Salem','North Carolina',NULL),(276,'Hester','Moline','503-820-6109','hmoline7n@liveinternet.ru','4 Fairfield Terrace',97286,'Portland','Oregon',NULL),(277,'Oates','Sisneros','425-242-2150','osisneros7o@nifty.com','5 Sunbrook Junction',98008,'Bellevue','Washington',NULL),(278,'Rosie','Sulley','806-799-7732','rsulley7p@loc.gov','8962 Chinook Junction',79182,'Amarillo','Texas',NULL),(279,'Britni','Grigoryev','618-728-3473','bgrigoryev7q@shop-pro.jp','5 Mariners Cove Center',62205,'East Saint Louis','Illinois',NULL),(280,'Fredra','Jellico','971-287-6192','fjellico7r@homestead.com','4 Scofield Plaza',97201,'Portland','Oregon',NULL),(281,'Gwyn','Elden','936-347-6846','gelden7s@mozilla.org','371 Gulseth Place',77343,'Huntsville','Texas',NULL),(282,'Frederique','Surmon','330-421-7038','fsurmon7t@homestead.com','90 Ridge Oak Lane',44329,'Akron','Ohio',NULL),(283,'Nicola','Jeannard','317-921-8351','njeannard7u@comsenz.com','9 Milwaukee Avenue',46221,'Indianapolis','Indiana',NULL),(284,'Ringo','Riediger','941-849-4836','rriediger7v@dell.com','7013 Mifflin Hill',34205,'Bradenton','Florida',NULL),(285,'Kyle','Balasini','772-605-1338','kbalasini7w@springer.com','995 Lake View Road',34985,'Port Saint Lucie','Florida',NULL),(286,'Cathlene','Gartell','303-423-8718','cgartell7x@prweb.com','9041 Russell Pass',80005,'Arvada','Colorado',NULL),(287,'Henri','Wahner','917-257-7168','hwahner7y@kickstarter.com','9095 Hovde Way',10459,'Bronx','New York',NULL),(288,'Alair','Palatini','520-744-4495','apalatini7z@unc.edu','2631 Elka Center',85732,'Tucson','Arizona',NULL),(289,'Sylvia','Lyle','480-969-9304','slyle80@elpais.com','44 Anhalt Circle',85219,'Apache Junction','Arizona',NULL),(290,'Flemming','Milier','804-525-5956','fmilier81@ucsd.edu','6520 Spaight Place',23272,'Richmond','Virginia',NULL),(291,'Rhianna','Danskine','915-372-9192','rdanskine82@dyndns.org','41657 Fairfield Pass',88574,'El Paso','Texas',NULL),(292,'Rhys','Kryzhov','574-199-4231','rkryzhov83@uol.com.br','0 Kinsman Parkway',46634,'South Bend','Indiana',NULL),(293,'Claudetta','Taylerson','907-488-5818','ctaylerson84@gizmodo.com','25430 Sage Lane',99512,'Anchorage','Alaska',NULL),(294,'Logan','Stable','202-250-6322','lstable85@parallels.com','5 Quincy Hill',20436,'Washington','District of Columbia',NULL),(295,'Avram','Fedorchenko','361-869-6993','afedorchenko86@example.com','83414 Pierstorff Center',78415,'Corpus Christi','Texas',NULL),(296,'Cherry','Tredgold','214-922-9056','ctredgold87@imgur.com','556 Cascade Road',75387,'Dallas','Texas',NULL),(297,'Darwin','Balden','504-869-9737','dbalden88@constantcontact.com','54429 Cordelia Parkway',70187,'New Orleans','Louisiana',NULL),(298,'Danni','Normanton','419-828-0937','dnormanton89@seattletimes.com','93 Karstens Hill',43635,'Toledo','Ohio',NULL),(299,'Whitney','Figliovanni','786-484-6777','wfigliovanni8a@4shared.com','3 Lakewood Junction',33196,'Miami','Florida',NULL),(300,'Anny','Lambrecht','214-980-5723','alambrecht8b@typepad.com','3 Holmberg Alley',75231,'Dallas','Texas',NULL),(301,'Roselia','Kentwell','937-300-1398','rkentwell8c@live.com','58471 1st Trail',45020,'Hamilton','Ohio',NULL),(302,'Jose','Risbrough','503-240-9157','jrisbrough8d@godaddy.com','627 Aberg Road',97296,'Portland','Oregon',NULL),(303,'Pearline','Rosewell','310-234-3578','prosewell8e@nih.gov','62470 Clyde Gallagher Circle',94302,'Palo Alto','California',NULL),(304,'Scarlet','McGragh','202-302-0921','smcgragh8f@google.com.br','1124 Westerfield Crossing',20036,'Washington','District of Columbia',NULL),(305,'Randolph','Gayler','858-672-4576','rgayler8g@artisteer.com','3 Kings Crossing',92132,'San Diego','California',NULL),(306,'Sammy','Douch','916-766-7538','sdouch8h@tinypic.com','2407 Florence Parkway',94237,'Sacramento','California',NULL),(307,'Alvie','Heugel','404-467-7604','aheugel8i@google.cn','3 Darwin Avenue',30386,'Atlanta','Georgia',NULL),(308,'Cody','Maskell','903-375-3906','cmaskell8j@miitbeian.gov.cn','201 Westend Point',75605,'Longview','Texas',NULL),(309,'Ariana','Penreth','786-826-0184','apenreth8k@senate.gov','6012 Hazelcrest Point',33158,'Miami','Florida',NULL),(310,'Marla','Wardell','805-582-4035','mwardell8l@jimdo.com','3197 Park Meadow Place',93407,'San Luis Obispo','California',NULL),(311,'Raphael','Farryn','408-446-4214','rfarryn8m@is.gd','454 John Wall Trail',95128,'San Jose','California',NULL),(312,'Donavon','Lace','352-104-3752','dlace8n@photobucket.com','52338 Portage Parkway',34605,'Brooksville','Florida',NULL),(313,'Martynne','Wormald','571-788-1497','mwormald8o@aol.com','4714 Texas Street',22217,'Arlington','Virginia',NULL),(314,'Jannelle','Whithalgh','203-333-8853','jwhithalgh8p@godaddy.com','5093 Coolidge Lane',6538,'New Haven','Connecticut',NULL),(315,'Mattie','Dotterill','915-875-5431','mdotterill8q@friendfeed.com','5 Petterle Alley',88530,'El Paso','Texas',NULL),(316,'Kendall','Clougher','337-601-7629','kclougher8r@oakley.com','732 Summerview Circle',70505,'Lafayette','Louisiana',NULL),(317,'Dominik','Giraudeau','608-396-1624','dgiraudeau8s@bigcartel.com','7499 Coleman Way',53785,'Madison','Wisconsin',NULL),(318,'Johna','Braxton','202-191-8113','jbraxton8t@uiuc.edu','58301 5th Point',20215,'Washington','District of Columbia',NULL),(319,'Cindie','Jirick','305-265-5146','cjirick8u@g.co','66252 Clarendon Terrace',33261,'Miami','Florida',NULL),(320,'Charlotta','Zincke','512-663-1554','czincke8v@wordpress.org','6925 Mockingbird Avenue',78732,'Austin','Texas',NULL),(321,'Hallsy','Dacombe','972-585-2612','hdacombe8w@oakley.com','50 Fairfield Street',75185,'Mesquite','Texas',NULL),(322,'Courtney','Wink','626-542-9907','cwink8x@ycombinator.com','67 Sullivan Terrace',91505,'Burbank','California',NULL),(323,'Othelia','Stallon','317-521-9888','ostallon8y@arstechnica.com','2 Knutson Alley',46278,'Indianapolis','Indiana',NULL),(324,'Kirby','Jacobovitz','951-558-8548','kjacobovitz8z@wikipedia.org','652 Buhler Parkway',92878,'Corona','California',NULL),(325,'Anabel','Backshall','412-338-5898','abackshall90@ucoz.ru','0128 Brickson Park Drive',15255,'Pittsburgh','Pennsylvania',NULL),(326,'Lyda','Toderi','646-783-2492','ltoderi91@yellowbook.com','0725 Brown Alley',10019,'New York City','New York',NULL),(327,'Nettie','Clow','512-456-7030','nclow92@cnet.com','0065 7th Court',78682,'Round Rock','Texas',NULL),(328,'Merry','Curry','585-536-5553','mcurry93@discuz.net','35 Jackson Center',14624,'Rochester','New York',NULL),(329,'Claudell','Hairesnape','612-569-5379','chairesnape94@ning.com','9 Rutledge Parkway',55487,'Minneapolis','Minnesota',NULL),(330,'Sadie','Honatsch','818-972-4213','shonatsch95@odnoklassniki.ru','4 Welch Plaza',90065,'Los Angeles','California',NULL),(331,'Sella','Ketteman','513-539-0105','sketteman96@usgs.gov','711 Mallard Circle',45271,'Cincinnati','Ohio',NULL),(332,'Euell','Hansen','217-759-9369','ehansen97@yahoo.co.jp','313 Oneill Park',62794,'Springfield','Illinois',NULL),(333,'Swen','Kubin','423-541-2062','skubin98@weibo.com','718 Mccormick Crossing',37605,'Johnson City','Tennessee',NULL),(334,'Beulah','Covert','209-892-3485','bcovert99@fastcompany.com','02825 Homewood Park',95298,'Stockton','California',NULL),(335,'Goraud','Chase','203-984-5226','gchase9a@wikimedia.org','932 Hoard Junction',6538,'New Haven','Connecticut',NULL),(336,'Laurie','Brozsset','337-146-2809','lbrozsset9b@biglobe.ne.jp','723 Everett Plaza',70607,'Lake Charles','Louisiana',NULL),(337,'Winifred','Lernihan','502-726-8444','wlernihan9c@mac.com','1266 Arkansas Way',40220,'Louisville','Kentucky',NULL),(338,'Mildred','Retchford','702-608-6432','mretchford9d@example.com','96452 Hauk Alley',89125,'Las Vegas','Nevada',NULL),(339,'Sonia','Polly','562-788-2978','spolly9e@bloglovin.com','66876 Everett Parkway',94110,'San Francisco','California',NULL),(340,'Stan','Davidovici','941-199-9337','sdavidovici9f@amazon.co.jp','81 Farwell Crossing',34642,'Seminole','Florida',NULL),(341,'Waiter','Arnason','804-135-6639','warnason9g@samsung.com','788 Arizona Pass',23242,'Richmond','Virginia',NULL),(342,'Laney','Vertigan','239-529-9507','lvertigan9h@qq.com','17674 Garrison Avenue',33915,'Cape Coral','Florida',NULL),(343,'Chev','Hewkin','651-739-6228','chewkin9i@gravatar.com','243 Heath Park',55172,'Saint Paul','Minnesota',NULL),(344,'Silvan','Monahan','469-707-3416','smonahan9j@surveymonkey.com','3 Thompson Pass',75205,'Dallas','Texas',NULL),(345,'Alford','Sinclar','205-287-4245','asinclar9k@eepurl.com','1056 Stone Corner Court',35290,'Birmingham','Alabama',NULL),(346,'Griffith','Guppie','770-948-1523','gguppie9l@cbc.ca','27 Dunning Parkway',30506,'Gainesville','Georgia',NULL),(347,'Laurie','Andrick','770-754-8238','landrick9m@go.com','4356 Annamark Junction',30022,'Alpharetta','Georgia',NULL),(348,'Marlin','Cuffe','918-895-6885','mcuffe9n@w3.org','99289 Hazelcrest Hill',74141,'Tulsa','Oklahoma',NULL),(349,'Lizzie','Deetlefs','517-824-7852','ldeetlefs9o@nationalgeographic.com','81 Roth Avenue',48901,'Lansing','Michigan',NULL),(350,'Viviana','Ferrarello','347-865-3508','vferrarello9p@360.cn','700 Barnett Alley',11241,'Brooklyn','New York',NULL),(351,'Hannis','Portal','214-680-6311','hportal9q@gizmodo.com','526 Mandrake Trail',75260,'Dallas','Texas',NULL),(352,'Renaldo','Meffen','561-381-6816','rmeffen9r@godaddy.com','1 Mockingbird Alley',33436,'Boynton Beach','Florida',NULL),(353,'Margit','Ablott','202-752-4780','mablott9s@sphinn.com','2 Heath Lane',20503,'Washington','District of Columbia',NULL),(354,'Valeda','Villaret','208-808-3677','vvillaret9t@shareasale.com','2 Morning Lane',83732,'Boise','Idaho',NULL),(355,'Evita','Joel','203-185-0750','ejoel9u@yellowpages.com','4652 Artisan Lane',6538,'New Haven','Connecticut',NULL),(356,'Wynn','Barwack','512-654-3845','wbarwack9v@yellowpages.com','76 Dorton Court',78721,'Austin','Texas',NULL),(357,'Carline','Cannop','843-134-1254','ccannop9w@goo.gl','5358 Superior Hill',29424,'Charleston','South Carolina',NULL),(358,'Candide','Walsh','215-830-6307','cwalsh9x@exblog.jp','731 Gateway Drive',19196,'Philadelphia','Pennsylvania',NULL),(359,'Uriah','De Rye Barrett','512-134-8989','uderyebarrett9y@stumbleupon.com','74688 Garrison Circle',78703,'Austin','Texas',NULL),(360,'Sally','Matiashvili','612-999-9350','smatiashvili9z@miibeian.gov.cn','92886 Orin Alley',55127,'Saint Paul','Minnesota',NULL),(361,'Audy','Sappy','760-200-3226','asappya0@desdev.cn','13699 Sommers Pass',92648,'Huntington Beach','California',NULL),(362,'Priscilla','McGuire','239-246-4683','pmcguirea1@google.ru','880 Dahle Court',33994,'Fort Myers','Florida',NULL),(363,'Margo','Ferrieri','414-845-5106','mferrieria2@live.com','02 Coolidge Point',53215,'Milwaukee','Wisconsin',NULL),(364,'Aurie','Iglesiaz','515-158-8083','aiglesiaza3@smh.com.au','141 Golf Road',50362,'Des Moines','Iowa',NULL),(365,'Dorie','McCalister','215-179-7446','dmccalistera4@abc.net.au','259 Trailsway Lane',19160,'Philadelphia','Pennsylvania',NULL),(366,'Seana','Andriesse','817-172-0914','sandriessea5@wunderground.com','6 Melvin Point',76016,'Arlington','Texas',NULL),(367,'Dedie','Dytham','314-260-4699','ddythama6@google.com.br','352 New Castle Alley',63121,'Saint Louis','Missouri',NULL),(368,'Etan','Cornelissen','502-206-0483','ecornelissena7@blog.com','5973 Coleman Court',40205,'Louisville','Kentucky',NULL),(369,'Lyman','Norton','212-350-4412','lnortona8@tinyurl.com','40895 Fairview Hill',10203,'New York City','New York',NULL),(370,'Katrinka','Shooter','515-636-9719','kshootera9@psu.edu','35 Hoepker Park',50347,'Des Moines','Iowa',NULL),(371,'Any','Halbeard','754-112-8337','ahalbeardaa@geocities.com','77 Eastlawn Center',33336,'Fort Lauderdale','Florida',NULL),(372,'Humfried','Moret','361-325-9515','hmoretab@jigsy.com','348 Kedzie Center',78465,'Corpus Christi','Texas',NULL),(373,'Tucky','Tolussi','404-637-0309','ttolussiac@intel.com','3 Carey Park',30386,'Atlanta','Georgia',NULL),(374,'Marysa','Tutt','513-323-2725','mtuttad@techcrunch.com','72 Moose Court',45233,'Cincinnati','Ohio',NULL),(375,'Charmaine','Sandyfirth','850-282-1022','csandyfirthae@scientificamerican.com','2 Melrose Trail',34665,'Pinellas Park','Florida',NULL),(376,'Frederica','Stowte','404-942-9794','fstowteaf@github.com','3 Lotheville Park',30328,'Atlanta','Georgia',NULL),(377,'Marlo','Bamell','862-406-5623','mbamellag@amazon.co.uk','623 Novick Parkway',7544,'Paterson','New Jersey',NULL),(378,'Alvira','McCallister','619-557-5345','amccallisterah@bloglovin.com','70085 Blaine Lane',92186,'San Diego','California',NULL),(379,'Diann','Martinovsky','210-945-8399','dmartinovskyai@friendfeed.com','81223 Bay Pass',78260,'San Antonio','Texas',NULL),(380,'Libbi','Scherer','212-673-4402','lschereraj@mayoclinic.com','6 Trailsway Lane',10184,'New York City','New York',NULL),(381,'Marja','Bicksteth','540-982-4195','mbickstethak@tiny.cc','79318 Arapahoe Place',24048,'Roanoke','Virginia',NULL),(382,'Yvonne','Hamer','775-448-5997','yhameral@kickstarter.com','2051 Summit Road',89505,'Reno','Nevada',NULL),(383,'Trixi','Glazebrook','806-304-3501','tglazebrookam@eventbrite.com','4270 Oneill Parkway',79176,'Amarillo','Texas',NULL),(384,'Zane','Duhig','914-120-4335','zduhigan@topsy.com','75 Mitchell Crossing',10464,'Bronx','New York',NULL),(385,'Ella','Carss','862-958-7424','ecarssao@icq.com','4195 Holy Cross Pass',7188,'Newark','New Jersey',NULL),(386,'Reinhard','Seven','712-984-4888','rsevenap@bing.com','2591 Kingsford Avenue',51110,'Sioux City','Iowa',NULL),(387,'Lennard','Echalier','305-314-3448','lechalieraq@icio.us','101 Judy Road',33185,'Miami','Florida',NULL),(388,'Yvette','Veal','714-802-0608','yvealar@washingtonpost.com','28214 Brentwood Drive',92717,'Irvine','California',NULL),(389,'Cherianne','Merrydew','614-984-9339','cmerrydewas@scientificamerican.com','4 Debra Circle',43210,'Columbus','Ohio',NULL),(390,'Adah','O\'Sesnane','269-941-5142','aosesnaneat@phpbb.com','3788 Kinsman Crossing',49006,'Kalamazoo','Michigan',NULL),(391,'Farrel','Melding','718-976-9397','fmeldingau@weebly.com','10 Colorado Parkway',10469,'Bronx','New York',NULL),(392,'Breena','Moseley','907-263-2674','bmoseleyav@facebook.com','3 Blaine Circle',99507,'Anchorage','Alaska',NULL),(393,'Abbey','Utterson','706-529-1337','auttersonaw@squidoo.com','05853 Maywood Road',30911,'Augusta','Georgia',NULL),(394,'Lorry','Rubbert','585-821-5744','lrubbertax@dedecms.com','032 Rusk Hill',14624,'Rochester','New York',NULL),(395,'Hedwig','Conelly','773-316-1710','hconellyay@a8.net','51852 Dahle Court',60652,'Chicago','Illinois',NULL),(396,'Arturo','Friary','404-307-3021','afriaryaz@youtu.be','96785 Forest Dale Pass',30380,'Atlanta','Georgia',NULL),(397,'Lauri','Willgoose','505-530-7370','lwillgooseb0@mapquest.com','9076 Sage Court',87180,'Albuquerque','New Mexico',NULL),(398,'Emmerich','Tribbeck','217-493-4975','etribbeckb1@hostgator.com','75 Ilene Center',62764,'Springfield','Illinois',NULL),(399,'Benjamen','Basso','713-135-7889','bbassob2@vistaprint.com','94112 Fairview Court',77045,'Houston','Texas',NULL),(400,'Sal','Maltster','910-555-4867','smaltsterb3@cisco.com','3 Monument Pass',28405,'Wilmington','North Carolina',NULL),(401,'Robbie','Gallety','954-905-7213','rgalletyb4@mashable.com','56159 Independence Way',33325,'Fort Lauderdale','Florida',NULL),(402,'Jilly','McWard','573-587-5478','jmcwardb5@cbsnews.com','2 Barby Pass',65110,'Jefferson City','Missouri',NULL),(403,'Petra','Pendrey','202-775-8974','ppendreyb6@sohu.com','6 Sycamore Parkway',20268,'Washington','District of Columbia',NULL),(404,'Annette','Kareman','304-475-7575','akaremanb7@cbslocal.com','66137 Talisman Court',25336,'Charleston','West Virginia',NULL),(405,'Skippie','Ginglell','518-608-8040','sginglellb8@illinois.edu','15794 Thierer Terrace',12242,'Albany','New York',NULL),(406,'Winifield','Costa','706-835-5366','wcostab9@cloudflare.com','80901 Morrow Park',30911,'Augusta','Georgia',NULL),(407,'Lavina','Sokell','217-799-9824','lsokellba@jalbum.net','8 Hoard Parkway',62756,'Springfield','Illinois',NULL),(408,'Elfie','Blachford','843-773-3993','eblachfordbb@businesswire.com','16 Elmside Drive',29905,'Beaufort','South Carolina',NULL),(409,'Barthel','Neilands','515-393-4388','bneilandsbc@theguardian.com','73 Weeping Birch Way',50369,'Des Moines','Iowa',NULL),(410,'Madelin','Pilsworth','304-905-6289','mpilsworthbd@artisteer.com','6 Burrows Pass',25770,'Huntington','West Virginia',NULL),(411,'Larina','Monini','786-127-5195','lmoninibe@salon.com','2 Trailsway Street',33245,'Miami','Florida',NULL),(412,'Ricky','Troy','904-686-7034','rtroybf@sogou.com','3648 Longview Junction',32230,'Jacksonville','Florida',NULL),(413,'Man','Blofeld','561-331-8896','mblofeldbg@telegraph.co.uk','9 Boyd Terrace',33462,'Lake Worth','Florida',NULL),(414,'Luciana','Rittelmeyer','213-217-2099','lrittelmeyerbh@va.gov','31218 Muir Way',90081,'Los Angeles','California',NULL),(415,'Gert','Bengefield','727-723-3038','gbengefieldbi@booking.com','499 Moland Junction',33705,'Saint Petersburg','Florida',NULL),(416,'Zerk','Loynes','864-812-1552','zloynesbj@livejournal.com','13 Orin Place',29615,'Greenville','South Carolina',NULL),(417,'Kermie','Titley','240-411-2429','ktitleybk@elegantthemes.com','31619 Loftsgordon Street',20918,'Silver Spring','Maryland',NULL),(418,'Harald','Dawdry','281-412-2592','hdawdrybl@wired.com','9033 Village Trail',77493,'Katy','Texas',NULL),(419,'Kienan','Smardon','404-215-7590','ksmardonbm@about.me','054 Atwood Street',31106,'Atlanta','Georgia',NULL),(420,'Laurel','Ceresa','757-456-5990','lceresabn@mapquest.com','7 Pennsylvania Circle',23464,'Virginia Beach','Virginia',NULL),(421,'Patty','Guion','901-374-2879','pguionbo@timesonline.co.uk','61 Jackson Road',38126,'Memphis','Tennessee',NULL),(422,'Gretchen','Baumann','805-675-0053','gbaumannbp@blogspot.com','29 Shoshone Way',93034,'Oxnard','California',NULL),(423,'Blancha','Dublin','713-321-8359','bdublinbq@slate.com','1310 Lighthouse Bay Center',77201,'Houston','Texas',NULL),(424,'Rip','Gooda','512-865-0766','rgoodabr@macromedia.com','206 Pawling Place',78783,'Austin','Texas',NULL),(425,'Glenn','Patshull','509-964-4045','gpatshullbs@umn.edu','04807 Truax Parkway',99205,'Spokane','Washington',NULL),(426,'Eldin','Tomczykowski','615-723-9644','etomczykowskibt@networksolutions.com','7172 4th Center',37235,'Nashville','Tennessee',NULL),(427,'Ernie','Handrahan','415-748-0241','ehandrahanbu@earthlink.net','85032 Sycamore Park',94147,'San Francisco','California',NULL),(428,'Tierney','Dodds','813-651-5940','tdoddsbv@paginegialle.it','1277 Towne Circle',33680,'Tampa','Florida',NULL),(429,'Angie','Hayworth','309-931-2442','ahayworthbw@wikia.com','9 Haas Center',61629,'Peoria','Illinois',NULL),(430,'Kirstin','Ibbeson','412-131-6956','kibbesonbx@seattletimes.com','5653 Shelley Circle',15250,'Pittsburgh','Pennsylvania',NULL),(431,'Almeria','Filpo','361-686-6336','afilpoby@storify.com','17159 Crescent Oaks Hill',78410,'Corpus Christi','Texas',NULL),(432,'Gregory','Raftery','704-483-3260','grafterybz@ifeng.com','3586 Fallview Road',28289,'Charlotte','North Carolina',NULL),(433,'Enrico','Bielfeldt','304-826-5751','ebielfeldtc0@patch.com','5261 Moland Trail',25721,'Huntington','West Virginia',NULL),(434,'Heall','Blackwood','716-196-0509','hblackwoodc1@gov.uk','01 Dixon Circle',14269,'Buffalo','New York',NULL),(435,'Tisha','Mulholland','727-713-2739','tmulhollandc2@biglobe.ne.jp','4809 Schlimgen Point',33710,'Saint Petersburg','Florida',NULL),(436,'Jules','Georges','213-380-8257','jgeorgesc3@hubpages.com','1894 Basil Center',90050,'Los Angeles','California',NULL),(437,'Lombard','Gutteridge','209-607-2417','lgutteridgec4@squarespace.com','522 Evergreen Circle',93704,'Fresno','California',NULL),(438,'Berkie','Brooker','305-289-0371','bbrookerc5@skype.com','3 Ilene Junction',33175,'Miami','Florida',NULL),(439,'Noell','Vasser','513-280-0093','nvasserc6@blogger.com','0 Emmet Center',45419,'Dayton','Ohio',NULL),(440,'Mina','Yardley','205-788-4870','myardleyc7@elegantthemes.com','5 Center Center',35487,'Tuscaloosa','Alabama',NULL),(441,'Lyell','Lamberth','217-524-1857','llamberthc8@timesonline.co.uk','93 Gulseth Trail',62776,'Springfield','Illinois',NULL),(442,'Rock','Gothup','202-876-2866','rgothupc9@privacy.gov.au','337 Rieder Park',20067,'Washington','District of Columbia',NULL),(443,'Esme','Meeland','813-519-8599','emeelandca@ted.com','5 Union Pass',33605,'Tampa','Florida',NULL),(444,'Gaynor','Darwent','956-297-2099','gdarwentcb@themeforest.net','15914 Springview Trail',78044,'Laredo','Texas',NULL),(445,'Allina','Tchir','810-106-4065','atchircc@examiner.com','7 Kropf Lane',48555,'Flint','Michigan',NULL),(446,'Guglielma','Antoshin','615-203-7930','gantoshincd@mapy.cz','8284 Mccormick Point',37245,'Nashville','Tennessee',NULL),(447,'Daryn','Everal','202-883-6959','deveralce@nbcnews.com','6 Maple Junction',20425,'Washington','District of Columbia',NULL),(448,'Sherill','Keyte','312-913-8483','skeytecf@hc360.com','0645 Comanche Circle',60674,'Chicago','Illinois',NULL),(449,'Gregorio','Risom','562-845-1052','grisomcg@amazon.co.jp','1697 American Ash Terrace',90045,'Los Angeles','California',NULL),(450,'Dorrie','MacGaughie','832-352-2685','dmacgaughiech@salon.com','04 Northport Park',77015,'Houston','Texas',NULL),(451,'Kayla','Adlem','502-283-9381','kadlemci@buzzfeed.com','5209 Commercial Place',40210,'Louisville','Kentucky',NULL),(452,'Adaline','Brandone','804-270-7541','abrandonecj@parallels.com','12026 Del Sol Parkway',23277,'Richmond','Virginia',NULL),(453,'Devlen','MacGilfoyle','804-198-6304','dmacgilfoyleck@godaddy.com','244 Hanson Street',23237,'Richmond','Virginia',NULL),(454,'Avivah','Brastead','251-298-1845','abrasteadcl@ustream.tv','15 South Lane',36628,'Mobile','Alabama',NULL),(455,'Starr','Lampet','941-265-3954','slampetcm@example.com','4652 Lukken Plaza',34238,'Sarasota','Florida',NULL),(456,'Aimil','Van Der Straaten','202-303-3467','avanderstraatencn@people.com.cn','6091 Shopko Plaza',20205,'Washington','District of Columbia',NULL),(457,'Benjie','Skerme','412-284-9242','bskermeco@dot.gov','09 High Crossing Court',15261,'Pittsburgh','Pennsylvania',NULL),(458,'Sollie','Heatly','210-471-3447','sheatlycp@pinterest.com','019 Briar Crest Center',78285,'San Antonio','Texas',NULL),(459,'Cecil','Behneke','501-430-9230','cbehnekecq@msu.edu','15444 Fulton Plaza',72231,'Little Rock','Arkansas',NULL),(460,'Hamlin','Gallihaulk','775-841-3344','hgallihaulkcr@npr.org','1849 Basil Place',89436,'Sparks','Nevada',NULL),(461,'Corissa','Devaney','208-890-8846','cdevaneycs@nymag.com','789 Fairfield Crossing',97211,'Portland','Oregon',NULL),(462,'Kelley','Attridge','203-644-0047','kattridgect@gnu.org','25 Bluejay Pass',6538,'New Haven','Connecticut',NULL),(463,'Mata','Abercrombie','806-887-4956','mabercrombiecu@ehow.com','2718 Golf View Road',79165,'Amarillo','Texas',NULL),(464,'Lela','Yeo','731-587-5412','lyeocv@skyrock.com','77 Sugar Road',38308,'Jackson','Tennessee',NULL),(465,'Lauritz','Camlin','602-811-7630','lcamlincw@unesco.org','8 Loeprich Terrace',85072,'Phoenix','Arizona',NULL),(466,'Emmie','Polglaze','952-894-6626','epolglazecx@alexa.com','04246 Florence Trail',55407,'Minneapolis','Minnesota',NULL),(467,'Maitilde','Irlam','757-916-8564','mirlamcy@shutterfly.com','00828 Nova Park',23324,'Chesapeake','Virginia',NULL),(468,'Valeria','Jodrellec','323-962-2906','vjodrelleccz@marketwatch.com','0693 Fair Oaks Drive',90060,'Los Angeles','California',NULL),(469,'Kerri','Blum','336-370-4411','kblumd0@google.co.jp','1 Browning Drive',27110,'Winston Salem','North Carolina',NULL),(470,'Cristine','Beceril','321-544-3247','cbecerild1@drupal.org','71592 Anhalt Court',32803,'Orlando','Florida',NULL),(471,'Brunhilde','Pine','573-158-7884','bpined2@nydailynews.com','64 Portage Way',65105,'Jefferson City','Missouri',NULL),(472,'Weber','Follit','413-172-8981','wfollitd3@hexun.com','20716 Ruskin Trail',1152,'Springfield','Massachusetts',NULL),(473,'Reba','Iddens','240-104-1458','riddensd4@constantcontact.com','72 Larry Park',21747,'Hagerstown','Maryland',NULL),(474,'Euphemia','Koppke','515-442-4253','ekoppked5@oakley.com','7 Buhler Parkway',50320,'Des Moines','Iowa',NULL),(475,'Ysabel','Aldine','423-953-8288','yaldined6@istockphoto.com','59 Dakota Junction',37410,'Chattanooga','Tennessee',NULL),(476,'Malorie','Brunner','773-448-4365','mbrunnerd7@goodreads.com','319 Stang Circle',60652,'Chicago','Illinois',NULL),(477,'Cash','Wainman','757-453-7137','cwainmand8@cafepress.com','799 Sunbrook Way',23454,'Virginia Beach','Virginia',NULL),(478,'Amaleta','Bouldstridge','610-788-0074','abouldstridged9@smugmug.com','034 Annamark Parkway',19151,'Philadelphia','Pennsylvania',NULL),(479,'Bev','Seymour','916-389-5422','bseymourda@tuttocitta.it','9381 High Crossing Pass',94280,'Sacramento','California',NULL),(480,'Abbi','Colafate','517-566-3861','acolafatedb@ameblo.jp','5 Kensington Plaza',48901,'Lansing','Michigan',NULL),(481,'Calley','Quickenden','859-708-6200','cquickendendc@bbc.co.uk','35 Del Sol Hill',40586,'Lexington','Kentucky',NULL),(482,'Diandra','Ghiroldi','612-522-0246','dghiroldidd@cisco.com','7387 Maywood Lane',55436,'Minneapolis','Minnesota',NULL),(483,'Sonny','Grimmert','212-291-3522','sgrimmertde@opera.com','199 Merry Alley',10275,'New York City','New York',NULL),(484,'Renae','Relf','513-638-6326','rrelfdf@opensource.org','6352 Scott Trail',45419,'Dayton','Ohio',NULL),(485,'Dunstan','Cage','702-167-6596','dcagedg@goo.ne.jp','69 Reinke Road',89155,'Las Vegas','Nevada',NULL),(486,'Annie','Fruser','702-211-3797','afruserdh@skyrock.com','288 Kensington Point',89130,'Las Vegas','Nevada',NULL),(487,'Tully','Meredith','417-200-1942','tmeredithdi@histats.com','12154 Corscot Hill',65898,'Springfield','Missouri',NULL),(488,'Ulick','Poag','212-592-2489','upoagdj@samsung.com','1 Oakridge Crossing',10079,'New York City','New York',NULL),(489,'Edsel','Tarte','210-434-7535','etartedk@ameblo.jp','42334 Gerald Hill',78285,'San Antonio','Texas',NULL),(490,'June','Barrat','413-150-4752','jbarratdl@networkadvertising.org','9937 Darwin Avenue',1105,'Springfield','Massachusetts',NULL),(491,'Darius','Pankethman','571-332-8023','dpankethmandm@ucoz.ru','26529 Crescent Oaks Park',22096,'Reston','Virginia',NULL),(492,'Sibyl','Worshall','361-696-4749','sworshalldn@addthis.com','5313 Ludington Crossing',78410,'Corpus Christi','Texas',NULL),(493,'Asher','Sopp','408-400-0369','asoppdo@chronoengine.com','372 1st Way',95118,'San Jose','California',NULL),(494,'Holly','Chidler','413-946-2947','hchidlerdp@instagram.com','70828 Lien Park',1114,'Springfield','Massachusetts',NULL),(495,'Garvin','Belone','203-123-5085','gbelonedq@w3.org','3557 Rigney Trail',6726,'Waterbury','Connecticut',NULL),(496,'Hillary','Yellowley','805-850-3250','hyellowleydr@archive.org','0 Heffernan Point',93150,'Santa Barbara','California',NULL),(497,'Hortensia','Philpott','702-974-2018','hphilpottds@soundcloud.com','811 3rd Trail',89130,'Las Vegas','Nevada',NULL),(498,'Myer','Bolderson','804-189-2034','mboldersondt@utexas.edu','7 Walton Lane',23285,'Richmond','Virginia',NULL),(499,'Estel','Meynell','857-540-8370','emeynelldu@smh.com.au','6213 Northfield Junction',2163,'Boston','Massachusetts',NULL),(500,'Hasty','Sabattier','919-563-2469','hsabattierdv@miibeian.gov.cn','8173 Butternut Junction',27635,'Raleigh','North Carolina',NULL),(501,'Celie','Chadburn','570-598-0695','cchadburndw@cmu.edu','02590 Summerview Avenue',18514,'Scranton','Pennsylvania',NULL),(502,'Bonnie','Bygreaves','210-988-0985','bbygreavesdx@multiply.com','9307 Oak Place',78265,'San Antonio','Texas',NULL),(503,'Samantha','Riggs','971-675-6612','sriggsdy@canalblog.com','19664 Pine View Court',97240,'Portland','Oregon',NULL),(504,'Frazer','Brinklow','303-956-2722','fbrinklowdz@bbb.org','62 Forest Dale Way',80310,'Boulder','Colorado',NULL),(505,'Shena','McDiarmid','816-291-4461','smcdiarmide0@blogger.com','5734 Forest Court',64054,'Independence','Missouri',NULL),(506,'Matti','Jumel','212-320-8149','mjumele1@tripadvisor.com','103 Carioca Road',10249,'New York City','New York',NULL),(507,'Valeria','Sorbey','571-895-8425','vsorbeye2@google.it','1023 Washington Crossing',22047,'Falls Church','Virginia',NULL),(508,'Hailee','Chant','772-664-3907','hchante3@oaic.gov.au','73710 Transport Hill',32969,'Vero Beach','Florida',NULL),(509,'Mame','Westmoreland','772-484-8146','mwestmorelande4@wordpress.org','718 Mifflin Parkway',32969,'Vero Beach','Florida',NULL),(510,'Giff','Wynch','971-334-3882','gwynche5@lycos.com','20 Darwin Parkway',97201,'Portland','Oregon',NULL),(511,'Tab','Pepperrall','361-687-4872','tpepperralle6@storify.com','93 Ryan Plaza',78426,'Corpus Christi','Texas',NULL),(512,'Tine','Shiell','775-889-3659','tshielle7@printfriendly.com','79486 Ridgeview Alley',89550,'Reno','Nevada',NULL),(513,'Shayne','Beri','757-712-0379','sberie8@utexas.edu','4436 Blue Bill Park Center',23324,'Chesapeake','Virginia',NULL),(514,'Paxton','McTurlough','602-701-2579','pmcturloughe9@ted.com','44312 Clove Pass',85030,'Phoenix','Arizona',NULL),(515,'Chris','Shorthill','812-545-0807','cshorthillea@theglobeandmail.com','35203 Schmedeman Court',47719,'Evansville','Indiana',NULL),(516,'Kris','Carnie','828-919-1105','kcarnieeb@bravesites.com','8 Express Circle',28815,'Asheville','North Carolina',NULL),(517,'Lothaire','Frill','901-623-2966','lfrillec@artisteer.com','2 Eggendart Plaza',38168,'Memphis','Tennessee',NULL),(518,'Nicholas','Grievson','318-448-0279','ngrievsoned@berkeley.edu','58 Buell Point',71151,'Shreveport','Louisiana',NULL),(519,'Jacky','Nevison','407-708-5081','jnevisonee@360.cn','6 Lotheville Court',32808,'Orlando','Florida',NULL),(520,'Meredithe','Bellison','941-531-1430','mbellisonef@rediff.com','09432 Pawling Street',32819,'Orlando','Florida',NULL),(521,'Christian','Tixall','505-459-2368','ctixalleg@icq.com','5 Hanover Point',87201,'Albuquerque','New Mexico',NULL),(522,'Jesse','Tippell','404-450-8480','jtippelleh@diigo.com','8030 Graceland Terrace',30092,'Norcross','Georgia',NULL),(523,'Gusti','Maggorini','508-772-1990','gmaggoriniei@google.com.br','043 Bay Place',2745,'New Bedford','Massachusetts',NULL),(524,'Walther','Isles','251-524-7721','wislesej@google.es','62028 Boyd Place',36628,'Mobile','Alabama',NULL),(525,'Damara','Dowell','202-848-7907','ddowellek@sphinn.com','6 Debra Lane',20268,'Washington','District of Columbia',NULL),(526,'Noam','Moss','412-776-1803','nmossel@miibeian.gov.cn','182 Kipling Court',15279,'Pittsburgh','Pennsylvania',NULL),(527,'Whitman','Dutton','503-101-1190','wduttonem@si.edu','0131 Dwight Circle',97216,'Portland','Oregon',NULL),(528,'Valentina','Sharpous','682-319-8527','vsharpousen@abc.net.au','959 Gateway Junction',76110,'Fort Worth','Texas',NULL),(529,'Esme','Beck','215-634-8608','ebeckeo@spotify.com','40962 Browning Hill',19125,'Philadelphia','Pennsylvania',NULL),(530,'Obie','Coudray','937-206-9108','ocoudrayep@army.mil','10 Bluejay Avenue',45505,'Springfield','Ohio',NULL),(531,'Ephrem','Dudderidge','916-961-9420','edudderidgeeq@skype.com','65 Ludington Court',95828,'Sacramento','California',NULL),(532,'Rickey','Fairbard','240-557-5004','rfairbarder@bizjournals.com','84 Transport Point',20719,'Bowie','Maryland',NULL),(533,'Austina','Gayler','469-364-8779','agayleres@pen.io','32 Prentice Circle',75205,'Dallas','Texas',NULL),(534,'Catherin','Tansill','573-338-3850','ctansillet@ustream.tv','4848 Grayhawk Road',65218,'Columbia','Missouri',NULL),(535,'Ethelbert','Blackhurst','615-903-6919','eblackhursteu@twitter.com','785 Evergreen Parkway',37250,'Nashville','Tennessee',NULL),(536,'Nita','Stubbin','415-731-1190','nstubbinev@oracle.com','79 Mallory Lane',94147,'San Francisco','California',NULL),(537,'Eugenie','Tayler','808-305-8881','etaylerew@miibeian.gov.cn','44 Erie Hill',96845,'Honolulu','Hawaii',NULL),(538,'Gianina','Maund','602-349-6177','gmaundex@jiathis.com','88 Canary Pass',85062,'Phoenix','Arizona',NULL),(539,'Cortie','Fetherston','202-489-1548','cfetherstoney@studiopress.com','05 Del Sol Road',20260,'Washington','District of Columbia',NULL),(540,'Shandeigh','Blagden','718-650-9595','sblagdenez@imdb.com','065 Dorton Center',11480,'Jamaica','New York',NULL),(541,'Erny','Brotherhood','717-114-0855','ebrotherhoodf0@artisteer.com','80814 Nancy Court',17405,'York','Pennsylvania',NULL),(542,'Ambrosius','Mossbee','203-120-1783','amossbeef1@goo.gl','264 Schurz Drive',6859,'Norwalk','Connecticut',NULL),(543,'Emmit','Geraldini','305-169-3405','egeraldinif2@mashable.com','7708 Katie Plaza',33283,'Miami','Florida',NULL),(544,'Dianemarie','Varsey','330-917-2391','dvarseyf3@toplist.cz','0853 Annamark Crossing',44329,'Akron','Ohio',NULL),(545,'Dyanne','Bagnold','408-284-6905','dbagnoldf4@wiley.com','63508 Stang Street',95160,'San Jose','California',NULL),(546,'Shirleen','Gallagher','317-379-3737','sgallagherf5@mysql.com','1285 Graedel Circle',46216,'Indianapolis','Indiana',NULL),(547,'Elbertine','Statter','702-881-0026','estatterf6@google.es','8877 Esker Alley',89140,'Las Vegas','Nevada',NULL),(548,'Tammy','Wickett','850-511-6440','twickettf7@chicagotribune.com','4 Riverside Street',32304,'Tallahassee','Florida',NULL),(549,'Arabella','Marcussen','812-403-9075','amarcussenf8@geocities.jp','7492 Kropf Road',47737,'Evansville','Indiana',NULL),(550,'Johnathan','Stanyan','309-563-4850','jstanyanf9@smh.com.au','2 Dwight Drive',61656,'Peoria','Illinois',NULL),(551,'L;urette','Ends','843-256-5465','lendsfa@quantcast.com','92174 Dawn Court',29579,'Myrtle Beach','South Carolina',NULL),(552,'Blayne','Close','360-571-6120','bclosefb@un.org','580 Sheridan Center',98158,'Seattle','Washington',NULL),(553,'Shurlock','Foxcroft','562-697-0871','sfoxcroftfc@timesonline.co.uk','90066 Glendale Road',94110,'San Francisco','California',NULL),(554,'Charmian','Quakley','770-992-1185','cquakleyfd@taobao.com','13 Canary Crossing',30061,'Marietta','Georgia',NULL),(555,'Carlye','Hickin','917-163-0255','chickinfe@sbwire.com','9400 Nelson Court',10034,'New York City','New York',NULL),(556,'Peirce','Rowthorne','513-290-7485','prowthorneff@house.gov','4 Twin Pines Lane',45233,'Cincinnati','Ohio',NULL),(557,'Urban','July','682-161-7649','ujulyfg@va.gov','653 Scofield Road',76110,'Fort Worth','Texas',NULL),(558,'Cal','Noke','615-417-9038','cnokefh@live.com','37185 Fairfield Park',37220,'Nashville','Tennessee',NULL),(559,'Herve','Barradell','202-163-4538','hbarradellfi@weebly.com','91 Sloan Point',20420,'Washington','District of Columbia',NULL),(560,'Octavia','Latham','806-249-6957','olathamfj@comcast.net','99 Anniversary Hill',79182,'Amarillo','Texas',NULL),(561,'Dollie','Mazzeo','559-128-3353','dmazzeofk@cdbaby.com','648 8th Avenue',93704,'Fresno','California',NULL),(562,'Crissy','Castanaga','850-822-0494','ccastanagafl@ibm.com','094 Macpherson Parkway',32399,'Tallahassee','Florida',NULL),(563,'Isabella','Beinisch','731-167-0100','ibeinischfm@infoseek.co.jp','9198 Stone Corner Point',38308,'Jackson','Tennessee',NULL),(564,'Georgeta','Gilberthorpe','941-931-5732','ggilberthorpefn@archive.org','673 Monterey Center',34135,'Bonita Springs','Florida',NULL),(565,'Barbi','Leftly','602-540-0776','bleftlyfo@alibaba.com','87410 Katie Alley',85210,'Mesa','Arizona',NULL),(566,'Conny','Alloisi','706-858-3286','calloisifp@gmpg.org','652 Sherman Terrace',30905,'Augusta','Georgia',NULL),(567,'Wesley','Kilfether','336-722-4517','wkilfetherfq@jugem.jp','9 Troy Point',27455,'Greensboro','North Carolina',NULL),(568,'Sherri','Roney','937-512-4584','sroneyfr@intel.com','357 Merrick Way',45426,'Dayton','Ohio',NULL),(569,'Jennette','Minocchi','863-561-3299','jminocchifs@thetimes.co.uk','089 Sage Court',33811,'Lakeland','Florida',NULL),(570,'Randolf','Boarer','302-199-3443','rboarerft@usgs.gov','2295 Prentice Court',19714,'Newark','Delaware',NULL),(571,'Adore','Yarrell','330-494-9109','ayarrellfu@people.com.cn','24 Brown Terrace',44310,'Akron','Ohio',NULL),(572,'Darby','Faldoe','515-222-6778','dfaldoefv@boston.com','0 Florence Center',50320,'Des Moines','Iowa',NULL),(573,'Melodie','Perrycost','215-323-6538','mperrycostfw@hhs.gov','8068 Ridge Oak Circle',19146,'Philadelphia','Pennsylvania',NULL),(574,'Crissie','Zorzenoni','979-962-1293','czorzenonifx@vistaprint.com','01 Saint Paul Place',77844,'College Station','Texas',NULL),(575,'Horst','Pallis','910-161-2073','hpallisfy@salon.com','54 Monument Court',28314,'Fayetteville','North Carolina',NULL),(576,'Hedwig','Brealey','412-345-6450','hbrealeyfz@naver.com','145 Sunnyside Park',15274,'Pittsburgh','Pennsylvania',NULL),(577,'Dasie','O\' Quirk','405-387-0289','doquirkg0@patch.com','3290 Emmet Parkway',73109,'Oklahoma City','Oklahoma',NULL),(578,'Alair','Millsap','336-276-7712','amillsapg1@cmu.edu','1488 Monument Street',27150,'Winston Salem','North Carolina',NULL),(579,'Easter','Eakley','661-232-1788','eeakleyg2@java.com','2 Oakridge Hill',93399,'Bakersfield','California',NULL),(580,'Staford','Osorio','205-122-6440','sosoriog3@google.com.au','4200 Park Meadow Place',35242,'Birmingham','Alabama',NULL),(581,'Flint','Donwell','513-500-7898','fdonwellg4@icq.com','05 Prairieview Plaza',45243,'Cincinnati','Ohio',NULL),(582,'Delores','Jarrel','562-481-9339','djarrelg5@typepad.com','983 Oakridge Street',92648,'Huntington Beach','California',NULL),(583,'Daisey','Neat','954-297-7680','dneatg6@mit.edu','025 Walton Point',33169,'Miami','Florida',NULL),(584,'Alysia','Glencrash','415-364-2048','aglencrashg7@parallels.com','70449 2nd Alley',94105,'San Francisco','California',NULL),(585,'Donalt','Cardoso','256-282-6930','dcardosog8@surveymonkey.com','5779 Old Gate Park',35810,'Huntsville','Alabama',NULL),(586,'Frank','Colenutt','425-224-0641','fcolenuttg9@apache.org','7 Canary Terrace',98104,'Seattle','Washington',NULL),(587,'Danya','Pottberry','254-891-9951','dpottberryga@reuters.com','958 Bultman Avenue',76505,'Temple','Texas',NULL),(588,'Sonnie','Caress','203-531-6453','scaressgb@meetup.com','2987 Bunker Hill Alley',6520,'New Haven','Connecticut',NULL),(589,'Dotti','Swindall','570-362-8645','dswindallgc@goo.gl','29 Butterfield Plaza',18514,'Scranton','Pennsylvania',NULL),(590,'Gabie','Samsworth','801-667-1770','gsamsworthgd@themeforest.net','8360 Stoughton Avenue',84403,'Ogden','Utah',NULL),(591,'Bekki','Hardson','205-948-8531','bhardsonge@wikispaces.com','17 Eagan Center',35487,'Tuscaloosa','Alabama',NULL),(592,'Anderson','Fredson','714-360-8270','afredsongf@shop-pro.jp','477 Bonner Alley',92717,'Irvine','California',NULL),(593,'Weylin','Hovy','304-972-8342','whovygg@thetimes.co.uk','568 Charing Cross Road',25362,'Charleston','West Virginia',NULL),(594,'Caye','Adderley','267-337-6012','cadderleygh@cbc.ca','3 Scott Point',18018,'Bethlehem','Pennsylvania',NULL),(595,'Kalle','Kenn','713-675-7978','kkenngi@ucoz.com','696 Superior Point',77085,'Houston','Texas',NULL),(596,'Taylor','Lower','786-848-0308','tlowergj@tmall.com','758 Kenwood Street',33111,'Miami','Florida',NULL),(597,'Bobby','Aliberti','954-417-4281','balibertigk@seattletimes.com','35263 Scott Crossing',33023,'Hollywood','Florida',NULL),(598,'Harland','Cay','503-568-8320','hcaygl@example.com','09 Pierstorff Parkway',97286,'Portland','Oregon',NULL),(599,'Dulcine','Walkey','816-609-1486','dwalkeygm@fc2.com','7 Scott Parkway',64125,'Kansas City','Missouri',NULL),(600,'Briggs','Aughton','512-775-9315','baughtongn@vistaprint.com','624 Fordem Way',78754,'Austin','Texas',NULL),(601,'Myrle','Rolland','260-574-3211','mrollandgo@newsvine.com','8 Glendale Street',46814,'Fort Wayne','Indiana',NULL),(602,'Adel','Luttgert','941-798-1509','aluttgertgp@freewebs.com','6 Elmside Way',34108,'Naples','Florida',NULL),(603,'Debbi','Oxtoby','504-702-8811','doxtobygq@oakley.com','120 Del Sol Plaza',70187,'New Orleans','Louisiana',NULL),(604,'Saudra','Arend','404-159-9347','sarendgr@ftc.gov','4 Sachtjen Trail',30368,'Atlanta','Georgia',NULL),(605,'Starlene','Hazeldean','352-416-0095','shazeldeangs@ibm.com','1 Eliot Way',34474,'Ocala','Florida',NULL),(606,'Lewie','Fidgeon','317-645-5248','lfidgeongt@about.me','2 Clarendon Avenue',46226,'Indianapolis','Indiana',NULL),(607,'Dario','Trevarthen','718-831-1818','dtrevarthengu@yahoo.co.jp','36 Buena Vista Center',10305,'Staten Island','New York',NULL),(608,'Rosalinda','Maroney','513-866-7700','rmaroneygv@clickbank.net','739 South Pass',43215,'Columbus','Ohio',NULL),(609,'Sean','Arger','760-489-4275','sargergw@go.com','7546 Mendota Pass',92030,'Escondido','California',NULL),(610,'Hank','Edser','203-541-1141','hedsergx@forbes.com','48 Sugar Lane',6905,'Stamford','Connecticut',NULL),(611,'Rebecca','Jedrasik','910-882-8166','rjedrasikgy@naver.com','8304 Huxley Alley',28405,'Wilmington','North Carolina',NULL),(612,'Zebadiah','Fills','425-398-3237','zfillsgz@mozilla.org','920 Di Loreto Court',98206,'Everett','Washington',NULL),(613,'Guillaume','Valiant','802-660-0981','gvalianth0@illinois.edu','315 Victoria Pass',5609,'Montpelier','Vermont',NULL),(614,'Eugene','Stockoe','512-523-1169','estockoeh1@fotki.com','306 Dorton Avenue',78769,'Austin','Texas',NULL),(615,'Merrile','Dan','775-915-5867','mdanh2@tmall.com','4087 Westport Road',89714,'Carson City','Nevada',NULL),(616,'Nikolas','Orneblow','203-768-9438','norneblowh3@sun.com','7 Dixon Way',6854,'Norwalk','Connecticut',NULL),(617,'Sidnee','Toone','717-171-0223','stooneh4@tmall.com','10 Melody Drive',17140,'Harrisburg','Pennsylvania',NULL),(618,'Roselle','McKea','859-873-1866','rmckeah5@oracle.com','73 Gateway Terrace',40515,'Lexington','Kentucky',NULL),(619,'Cirstoforo','Kersey','775-968-8628','ckerseyh6@lulu.com','49 Boyd Parkway',89436,'Sparks','Nevada',NULL),(620,'Bondie','Dupre','254-254-6645','bdupreh7@feedburner.com','43 Transport Circle',76705,'Waco','Texas',NULL),(621,'Kilian','Bothbie','336-193-1003','kbothbieh8@desdev.cn','25 Paget Alley',27404,'Greensboro','North Carolina',NULL),(622,'Aili','Giacobazzi','210-507-0074','agiacobazzih9@addthis.com','9 Wayridge Street',78255,'San Antonio','Texas',NULL),(623,'Dela','Buckwell','612-759-6516','dbuckwellha@zdnet.com','7928 Green Ridge Circle',55108,'Saint Paul','Minnesota',NULL),(624,'Jarib','Prandy','626-363-4011','jprandyhb@rakuten.co.jp','0779 Delaware Crossing',91841,'Alhambra','California',NULL),(625,'Kit','Marcos','814-865-8997','kmarcoshc@amazon.de','33494 Hoffman Junction',16550,'Erie','Pennsylvania',NULL),(626,'Umeko','Goomes','901-893-5640','ugoomeshd@wp.com','35 Macpherson Parkway',38114,'Memphis','Tennessee',NULL),(627,'Mercie','Peniman','262-270-4346','mpenimanhe@mashable.com','9580 Quincy Drive',53205,'Milwaukee','Wisconsin',NULL),(628,'Daveta','Pearch','812-203-4011','dpearchhf@1und1.de','51 Springs Place',47747,'Evansville','Indiana',NULL),(629,'Maggi','Verbrugge','260-495-0986','mverbruggehg@webmd.com','33797 Valley Edge Circle',46852,'Fort Wayne','Indiana',NULL),(630,'Sawyere','Scamaden','702-497-8361','sscamadenhh@livejournal.com','288 Dryden Trail',89120,'Las Vegas','Nevada',NULL),(631,'Benoit','Moynham','404-584-0172','bmoynhamhi@posterous.com','7778 Canary Street',30356,'Atlanta','Georgia',NULL),(632,'Elspeth','Whiffin','510-479-8092','ewhiffinhj@dagondesign.com','626 Continental Avenue',94105,'San Francisco','California',NULL),(633,'Katherine','MacLise','785-664-7596','kmaclisehk@blogtalkradio.com','75222 Gateway Terrace',66606,'Topeka','Kansas',NULL),(634,'Bearnard','Bosward','202-202-6920','bboswardhl@eventbrite.com','8 Pennsylvania Plaza',20430,'Washington','District of Columbia',NULL),(635,'Doralyn','Arnal','812-534-1465','darnalhm@hostgator.com','42 Reinke Hill',47732,'Evansville','Indiana',NULL),(636,'Harley','Egarr','408-976-0853','hegarrhn@instagram.com','18 Iowa Center',95173,'San Jose','California',NULL),(637,'Lee','Draper','402-969-4483','ldraperho@4shared.com','10991 Oxford Point',68144,'Omaha','Nebraska',NULL),(638,'Rani','Seamons','256-672-3425','rseamonshp@mapquest.com','436 Katie Drive',36205,'Anniston','Alabama',NULL),(639,'Lucille','Reymers','213-460-9336','lreymershq@exblog.jp','8802 Waxwing Way',90081,'Los Angeles','California',NULL),(640,'Avery','Wapple','804-279-8062','awapplehr@cdc.gov','2301 Farmco Junction',23213,'Richmond','Virginia',NULL),(641,'Ogdan','Withey','832-527-7223','owitheyhs@indiatimes.com','649 Evergreen Trail',77065,'Houston','Texas',NULL),(642,'Elberta','Grundell','239-479-6737','egrundellht@4shared.com','6221 Surrey Place',33913,'Fort Myers','Florida',NULL),(643,'Nert','Teal','859-268-9685','ntealhu@nba.com','77778 Norway Maple Point',40510,'Lexington','Kentucky',NULL),(644,'Glenden','Wesgate','907-799-0505','gwesgatehv@princeton.edu','51961 Corben Hill',99517,'Anchorage','Alaska',NULL),(645,'Alvira','Macilhench','520-324-8548','amacilhenchhw@studiopress.com','33378 Canary Street',85725,'Tucson','Arizona',NULL),(646,'Durand','Towersey','253-711-1627','dtowerseyhx@storify.com','6 Morningstar Alley',98148,'Seattle','Washington',NULL),(647,'Aleda','Roddie','713-817-3755','aroddiehy@epa.gov','2 6th Drive',77234,'Houston','Texas',NULL),(648,'Melisent','Bickmore','901-621-5092','mbickmorehz@theglobeandmail.com','87 Hermina Plaza',38126,'Memphis','Tennessee',NULL),(649,'Tessie','Ambrogi','314-506-0042','tambrogii0@cisco.com','41 Vahlen Way',63180,'Saint Louis','Missouri',NULL),(650,'Moishe','Kinchley','404-976-2232','mkinchleyi1@reverbnation.com','6761 Fordem Road',30343,'Atlanta','Georgia',NULL),(651,'Xena','Klemt','317-493-9609','xklemti2@reddit.com','988 Ryan Drive',46231,'Indianapolis','Indiana',NULL),(652,'Kelsey','Samworth','615-350-7856','ksamworthi3@thetimes.co.uk','8 Hallows Crossing',37215,'Nashville','Tennessee',NULL),(653,'Fiorenze','Carwithim','916-492-3535','fcarwithimi4@amazon.com','0172 Oakridge Street',95852,'Sacramento','California',NULL),(654,'Jonis','Furney','585-591-4585','jfurneyi5@noaa.gov','16384 Mallory Point',14604,'Rochester','New York',NULL),(655,'Rosalie','Brandreth','203-869-6121','rbrandrethi6@va.gov','3 Daystar Alley',6859,'Norwalk','Connecticut',NULL),(656,'Marcile','Sworder','971-385-1730','msworderi7@istockphoto.com','640 Talmadge Hill',97255,'Portland','Oregon',NULL),(657,'Bren','Breinl','360-848-4383','bbreinli8@photobucket.com','47 Corben Crossing',98682,'Vancouver','Washington',NULL),(658,'Gwenora','Lumsdale','716-642-1701','glumsdalei9@de.vu','1983 Hooker Plaza',14210,'Buffalo','New York',NULL),(659,'Gustie','Gerson','209-853-9809','ggersonia@ftc.gov','89 Dorton Drive',95298,'Stockton','California',NULL),(660,'Igor','Manning','408-688-0224','imanningib@theatlantic.com','8404 Mitchell Center',95160,'San Jose','California',NULL),(661,'Brunhilda','Duckerin','314-854-0601','bduckerinic@phoca.cz','114 Blaine Crossing',63167,'Saint Louis','Missouri',NULL),(662,'Edgard','Freeland','916-335-1791','efreelandid@mashable.com','3485 Holmberg Plaza',94257,'Sacramento','California',NULL),(663,'Fredrika','Purnell','302-198-0181','fpurnellie@comsenz.com','5 Anniversary Circle',19714,'Newark','Delaware',NULL),(664,'Erastus','Rodolf','509-964-6163','erodolfif@diigo.com','52967 Butterfield Parkway',99215,'Spokane','Washington',NULL),(665,'Leena','Cheyenne','281-923-5234','lcheyenneig@livejournal.com','0652 Red Cloud Avenue',77346,'Humble','Texas',NULL),(666,'Taddeo','McGaughay','334-338-0442','tmcgaughayih@hhs.gov','6 Ilene Terrace',35210,'Birmingham','Alabama',NULL),(667,'Abigael','Summerhayes','412-778-5798','asummerhayesii@pbs.org','5 Kinsman Center',15134,'Mc Keesport','Pennsylvania',NULL),(668,'Clareta','Guinness','702-468-6490','cguinnessij@fastcompany.com','7682 Village Green Parkway',89074,'Henderson','Nevada',NULL),(669,'Fannie','Gehrels','786-725-3761','fgehrelsik@ehow.com','37410 Upham Plaza',33153,'Miami','Florida',NULL),(670,'Lexi','Aylott','360-924-0877','laylottil@google.nl','279 Montana Way',98158,'Seattle','Washington',NULL),(671,'Bonnibelle','Sinclaire','505-580-6629','bsinclaireim@fc2.com','22676 Cody Lane',87180,'Albuquerque','New Mexico',NULL),(672,'Elyssa','MacDiarmond','202-169-9201','emacdiarmondin@yellowbook.com','4 Esker Road',20036,'Washington','District of Columbia',NULL),(673,'Hilly','Poolman','804-487-4142','hpoolmanio@seattletimes.com','258 Esch Street',23242,'Richmond','Virginia',NULL),(674,'Marco','Allans','503-963-1163','mallansip@intel.com','9006 Old Gate Center',97075,'Beaverton','Oregon',NULL),(675,'Davin','Gluyus','713-318-1776','dgluyusiq@google.ca','26 Katie Alley',77288,'Houston','Texas',NULL),(676,'Vinson','Cornew','702-129-0386','vcornewir@github.io','0 Ohio Circle',93111,'Santa Barbara','California',NULL),(677,'Roshelle','Sterre','734-599-2460','rsterreis@pcworld.com','1482 Kropf Pass',48206,'Detroit','Michigan',NULL),(678,'Ferd','Detheridge','731-702-6902','fdetheridgeit@fda.gov','2 Harper Alley',38308,'Jackson','Tennessee',NULL),(679,'Stephannie','Yegorev','415-576-7023','syegoreviu@quantcast.com','826 Mosinee Pass',94177,'San Francisco','California',NULL),(680,'Nickolas','Antos','704-690-5029','nantosiv@webmd.com','14638 Graceland Junction',28210,'Charlotte','North Carolina',NULL),(681,'Sigmund','Early','313-347-2315','searlyiw@ft.com','52213 East Road',48232,'Detroit','Michigan',NULL),(682,'Egor','Sammars','312-561-0024','esammarsix@bbc.co.uk','54053 Mendota Alley',60657,'Chicago','Illinois',NULL),(683,'Arliene','Falls','801-638-6203','afallsiy@usatoday.com','9642 Garrison Park',84110,'Salt Lake City','Utah',NULL),(684,'Filberto','Hawson','269-678-0309','fhawsoniz@businesswire.com','3 Warbler Alley',49018,'Battle Creek','Michigan',NULL),(685,'Marven','Harry','703-505-9691','mharryj0@merriam-webster.com','09226 Calypso Drive',20195,'Reston','Virginia',NULL),(686,'Levey','McGookin','763-534-4221','lmcgookinj1@angelfire.com','6 Clyde Gallagher Point',55565,'Monticello','Minnesota',NULL),(687,'Ailbert','Rainon','918-407-1599','arainonj2@xing.com','87035 Hanover Hill',74149,'Tulsa','Oklahoma',NULL),(688,'Buiron','Sola','253-807-1733','bsolaj3@ovh.net','71 Schurz Avenue',98411,'Tacoma','Washington',NULL),(689,'Robin','Bulter','410-435-9215','rbulterj4@drupal.org','9933 Carioca Point',21684,'Ridgely','Maryland',NULL),(690,'Rikki','Danford','203-566-8441','rdanfordj5@abc.net.au','44 Commercial Street',6505,'New Haven','Connecticut',NULL),(691,'Cale','Leathwood','806-380-5753','cleathwoodj6@mail.ru','36707 Lakewood Gardens Hill',79415,'Lubbock','Texas',NULL),(692,'Caren','Akram','415-492-9476','cakramj7@statcounter.com','731 School Park',94154,'San Francisco','California',NULL),(693,'Jdavie','Woodhams','305-967-2917','jwoodhamsj8@seesaa.net','08 Pankratz Junction',33185,'Miami','Florida',NULL),(694,'Northrup','Olyfant','937-456-3582','nolyfantj9@businessinsider.com','9 Ilene Pass',45470,'Dayton','Ohio',NULL),(695,'Margaretha','Langstone','951-637-3998','mlangstoneja@umich.edu','11867 Dakota Point',92883,'Corona','California',NULL),(696,'Amalea','Napoli','319-152-6475','anapolijb@nsw.gov.au','52561 Badeau Terrace',52405,'Cedar Rapids','Iowa',NULL),(697,'Hermine','McCarl','260-313-7695','hmccarljc@pagesperso-orange.fr','69975 Brentwood Court',46857,'Fort Wayne','Indiana',NULL),(698,'Terri','Hurdidge','504-626-4148','thurdidgejd@ow.ly','716 Esker Circle',70187,'New Orleans','Louisiana',NULL),(699,'Christan','Timmes','216-217-8500','ctimmesje@goodreads.com','725 Carey Court',44125,'Cleveland','Ohio',NULL),(700,'Baillie','Inns','678-353-7179','binnsjf@printfriendly.com','9959 Dayton Hill',30245,'Lawrenceville','Georgia',NULL),(701,'Diane','Blais','209-337-4881','dblaisjg@g.co','170 Leroy Parkway',95219,'Stockton','California',NULL),(702,'Nick','Vannoort','214-278-4799','nvannoortjh@artisteer.com','00032 Grover Trail',75265,'Dallas','Texas',NULL),(703,'Krishnah','Gashion','386-767-0663','kgashionji@addtoany.com','695 Jenifer Terrace',32118,'Daytona Beach','Florida',NULL),(704,'Bernie','Soars','615-708-5600','bsoarsjj@pagesperso-orange.fr','768 Michigan Street',37205,'Nashville','Tennessee',NULL),(705,'Marlin','Kunrad','402-309-3001','mkunradjk@msu.edu','427 Maple Wood Crossing',68510,'Lincoln','Nebraska',NULL),(706,'Vittoria','Shillabeare','720-434-4828','vshillabearejl@washington.edu','5 Ridgeway Trail',80235,'Denver','Colorado',NULL),(707,'Steffane','Mahaddy','254-189-1174','smahaddyjm@godaddy.com','43 Sauthoff Terrace',76705,'Waco','Texas',NULL),(708,'Skylar','Rosin','850-714-5304','srosinjn@craigslist.org','30 Leroy Circle',32309,'Tallahassee','Florida',NULL),(709,'Spike','Enion','617-181-9582','senionjo@networkadvertising.org','247 Washington Point',2298,'Boston','Massachusetts',NULL),(710,'Trueman','Shackelton','763-882-1935','tshackeltonjp@uiuc.edu','92 Melrose Pass',55598,'Loretto','Minnesota',NULL),(711,'Jerome','Fidilis','719-438-3956','jfidilisjq@aol.com','13 Washington Court',80925,'Colorado Springs','Colorado',NULL),(712,'Barbabas','Varlow','817-706-4436','bvarlowjr@newyorker.com','3 Merry Junction',76004,'Arlington','Texas',NULL),(713,'Marquita','Statefield','859-220-0581','mstatefieldjs@craigslist.org','93119 Sunbrook Drive',40596,'Lexington','Kentucky',NULL),(714,'Micaela','Wyard','865-573-5150','mwyardjt@yelp.com','65728 Caliangt Junction',37995,'Knoxville','Tennessee',NULL),(715,'Gordan','Gandrich','217-858-0229','ggandrichju@nba.com','2468 Namekagon Plaza',62525,'Decatur','Illinois',NULL),(716,'Arly','Spavins','505-939-8942','aspavinsjv@nature.com','61277 Thierer Alley',87140,'Albuquerque','New Mexico',NULL),(717,'Xavier','Grimestone','602-404-8219','xgrimestonejw@exblog.jp','63 Sycamore Hill',85210,'Mesa','Arizona',NULL),(718,'Crysta','Brickwood','904-395-8668','cbrickwoodjx@tmall.com','9 Debra Park',32209,'Jacksonville','Florida',NULL),(719,'Orville','Campo','517-268-1708','ocampojy@fda.gov','0807 Fair Oaks Trail',48930,'Lansing','Michigan',NULL),(720,'Ysabel','Auden','713-825-1460','yaudenjz@bloglines.com','573 Packers Drive',77255,'Houston','Texas',NULL),(721,'Winnah','Burfitt','909-924-8431','wburfittk0@wunderground.com','98974 Michigan Circle',92415,'San Bernardino','California',NULL),(722,'Paolina','Hallas','770-258-9918','phallask1@squidoo.com','3 Glacier Hill Court',31119,'Atlanta','Georgia',NULL),(723,'Temple','Benediktovich','510-629-9088','tbenediktovichk2@issuu.com','36263 Buena Vista Road',94807,'Richmond','California',NULL),(724,'Brantley','MacConnechie','239-495-8406','bmacconnechiek3@a8.net','4 Dorton Lane',33915,'Cape Coral','Florida',NULL),(725,'Warde','Habbijam','315-254-6646','whabbijamk4@posterous.com','83711 Comanche Park',13217,'Syracuse','New York',NULL),(726,'Morton','Spivie','623-695-4835','mspiviek5@sina.com.cn','81 Valley Edge Court',85305,'Glendale','Arizona',NULL),(727,'Clim','de Keyser','317-703-9492','cdekeyserk6@altervista.org','8 Burrows Way',46221,'Indianapolis','Indiana',NULL),(728,'Iormina','Wolfit','254-976-4935','iwolfitk7@pbs.org','1 Fremont Avenue',76711,'Waco','Texas',NULL),(729,'Mord','Merioth','571-280-8647','mmeriothk8@ed.gov','0 Carey Junction',22093,'Ashburn','Virginia',NULL),(730,'Roselin','Acland','404-621-7105','raclandk9@privacy.gov.au','0173 Corscot Center',30343,'Atlanta','Georgia',NULL),(731,'Britney','Britto','704-772-8547','bbrittoka@arstechnica.com','8013 Ohio Hill',28225,'Charlotte','North Carolina',NULL),(732,'Dulcy','Beeze','208-437-4340','dbeezekb@microsoft.com','13 Northfield Hill',83757,'Boise','Idaho',NULL),(733,'Shermy','Capin','336-419-3033','scapinkc@cafepress.com','4156 Burrows Circle',27425,'Greensboro','North Carolina',NULL),(734,'Tiffani','Livesay','801-401-6332','tlivesaykd@examiner.com','17442 Messerschmidt Hill',84189,'Salt Lake City','Utah',NULL),(735,'Casey','Grummitt','213-845-8812','cgrummittke@forbes.com','84 Alpine Point',91616,'North Hollywood','California',NULL),(736,'Minta','Crease','334-770-0709','mcreasekf@craigslist.org','1 Northridge Crossing',35210,'Birmingham','Alabama',NULL),(737,'Ricky','Morston','859-998-2033','rmorstonkg@sina.com.cn','68 Dayton Junction',40524,'Lexington','Kentucky',NULL),(738,'Erina','Andriuzzi','404-349-4033','eandriuzzikh@webmd.com','832 Darwin Point',30380,'Atlanta','Georgia',NULL),(739,'Michael','Kipping','850-318-5313','mkippingki@ftc.gov','80 Sachs Place',32511,'Pensacola','Florida',NULL),(740,'Pembroke','Shackell','816-965-1824','pshackellkj@joomla.org','86127 Golf View Circle',64504,'Saint Joseph','Missouri',NULL),(741,'Lethia','Cawte','814-176-6267','lcawtekk@hexun.com','0 Morningstar Crossing',16534,'Erie','Pennsylvania',NULL),(742,'Zenia','Rugge','215-563-8330','zruggekl@163.com','31030 Eggendart Plaza',19160,'Philadelphia','Pennsylvania',NULL),(743,'Faun','Siman','239-557-9148','fsimankm@alexa.com','61 Dayton Plaza',33906,'Fort Myers','Florida',NULL),(744,'Tadio','Beagley','302-395-6782','tbeagleykn@kickstarter.com','40 Fieldstone Court',19892,'Wilmington','Delaware',NULL),(745,'Arlie','Inseal','512-535-3087','ainsealko@desdev.cn','18010 Bunting Circle',78783,'Austin','Texas',NULL),(746,'Arthur','Stannering','713-835-6245','astanneringkp@princeton.edu','4 Victoria Trail',77075,'Houston','Texas',NULL),(747,'Jo ann','Bernardet','305-906-8064','jbernardetkq@surveymonkey.com','6889 Village Green Point',33261,'Miami','Florida',NULL),(748,'Monica','Klaussen','202-466-1352','mklaussenkr@shinystat.com','99 Fairfield Court',20010,'Washington','District of Columbia',NULL),(749,'Gwynne','Schooley','571-706-0734','gschooleyks@utexas.edu','47 Rieder Point',22184,'Vienna','Virginia',NULL),(750,'Shani','Teather','317-378-3256','steatherkt@comsenz.com','681 John Wall Place',46254,'Indianapolis','Indiana',NULL),(751,'Serge','Fleote','251-717-4595','sfleoteku@pagesperso-orange.fr','798 Fulton Road',36628,'Mobile','Alabama',NULL),(752,'Derk','Kuschek','704-748-4171','dkuschekkv@harvard.edu','0730 Darwin Point',28263,'Charlotte','North Carolina',NULL),(753,'Lockwood','Le Guin','317-355-0682','lleguinkw@cornell.edu','64374 Doe Crossing Court',46207,'Indianapolis','Indiana',NULL),(754,'Niki','De la Eglise','702-250-9777','ndelaeglisekx@abc.net.au','015 Moose Pass',89145,'Las Vegas','Nevada',NULL),(755,'Trix','Khalid','415-789-6014','tkhalidky@miibeian.gov.cn','538 Truax Crossing',94164,'San Francisco','California',NULL),(756,'Elysha','Sermin','304-779-8211','eserminkz@merriam-webster.com','995 High Crossing Junction',25305,'Charleston','West Virginia',NULL),(757,'Ferrel','Beever','202-113-7919','fbeeverl0@g.co','98426 Esker Lane',20591,'Washington','District of Columbia',NULL),(758,'Durward','MacDonogh','718-677-1542','dmacdonoghl1@ovh.net','56 Bluejay Way',11231,'Brooklyn','New York',NULL),(759,'Rosco','Huke','205-775-2566','rhukel2@fc2.com','65 Meadow Ridge Park',35236,'Birmingham','Alabama',NULL),(760,'Elena','Simonel','203-578-2112','esimonell3@elpais.com','5618 Dorton Park',6905,'Stamford','Connecticut',NULL),(761,'Portia','Rose','781-450-3943','prosel4@tripadvisor.com','4 Packers Terrace',1905,'Lynn','Massachusetts',NULL),(762,'Thaddus','Pervew','951-273-5797','tpervewl5@chronoengine.com','52129 Monument Center',92410,'San Bernardino','California',NULL),(763,'Elspeth','McGilben','205-368-6416','emcgilbenl6@tiny.cc','37213 Saint Paul Parkway',35405,'Tuscaloosa','Alabama',NULL),(764,'Desirae','Ganforth','321-171-4822','dganforthl7@dion.ne.jp','4 Northridge Plaza',32909,'Palm Bay','Florida',NULL),(765,'Gabbey','Danihelka','402-947-3081','gdanihelkal8@bravesites.com','71 International Street',68179,'Omaha','Nebraska',NULL),(766,'Rafaela','Ohm','303-125-3713','rohml9@epa.gov','2 Sunbrook Terrace',80310,'Boulder','Colorado',NULL),(767,'Pietro','Vanyukhin','954-482-3173','pvanyukhinla@shop-pro.jp','83 Green Road',32825,'Orlando','Florida',NULL),(768,'Noelyn','Leghorn','213-544-7839','nleghornlb@samsung.com','66357 Kings Parkway',90065,'Los Angeles','California',NULL),(769,'Taffy','Ingliby','818-724-7051','tinglibylc@state.gov','07649 Everett Center',90510,'Torrance','California',NULL),(770,'Moore','Sellor','573-445-4163','msellorld@rediff.com','06846 Sunnyside Park',65218,'Columbia','Missouri',NULL),(771,'Patience','Duckit','714-503-3483','pduckitle@gov.uk','51843 Bluejay Park',92835,'Fullerton','California',NULL),(772,'Tan','Fairbrass','205-297-6542','tfairbrasslf@google.com.br','2438 Anderson Place',35210,'Birmingham','Alabama',NULL),(773,'Gearalt','Ceschi','918-354-8846','gceschilg@mlb.com','007 Eastwood Center',74133,'Tulsa','Oklahoma',NULL),(774,'Mischa','Gudgion','361-650-3917','mgudgionlh@imageshack.us','384 Dorton Plaza',78470,'Corpus Christi','Texas',NULL),(775,'Chandra','Clinch','818-917-7740','cclinchli@home.pl','915 Loomis Way',91205,'Glendale','California',NULL),(776,'Alexina','Beszant','571-647-4482','abeszantlj@prlog.org','90097 Clove Avenue',22212,'Arlington','Virginia',NULL),(777,'Codi','Enriques','706-997-8796','cenriqueslk@opensource.org','22 Esker Avenue',30905,'Augusta','Georgia',NULL),(778,'Kalila','Danilyuk','336-715-7309','kdanilyukll@123-reg.co.uk','5 Granby Center',27150,'Winston Salem','North Carolina',NULL),(779,'Sula','Alexandersen','571-102-1054','salexandersenlm@miitbeian.gov.cn','76 Division Trail',20189,'Dulles','Virginia',NULL),(780,'Jeremias','Sleath','682-331-3493','jsleathln@eventbrite.com','1 Sunbrook Terrace',76105,'Fort Worth','Texas',NULL),(781,'Pieter','Balaizot','201-708-1932','pbalaizotlo@reuters.com','10100 Reindahl Park',7305,'Jersey City','New Jersey',NULL),(782,'Lance','Reynault','979-783-3684','lreynaultlp@buzzfeed.com','1 Commercial Park',77806,'Bryan','Texas',NULL),(783,'Lea','Meo','202-888-6115','lmeolq@redcross.org','3 Main Trail',20226,'Washington','District of Columbia',NULL),(784,'Jessa','Hankey','607-615-8397','jhankeylr@senate.gov','1754 Oneill Terrace',14905,'Elmira','New York',NULL),(785,'Chic','Bilson','206-750-5040','cbilsonls@go.com','7747 Dovetail Circle',98148,'Seattle','Washington',NULL),(786,'Burch','Hrihorovich','216-602-8033','bhrihorovichlt@aol.com','81 Lyons Lane',44105,'Cleveland','Ohio',NULL),(787,'Darryl','Wailes','404-358-2650','dwaileslu@mapquest.com','8849 Rieder Pass',30351,'Atlanta','Georgia',NULL),(788,'Kenny','Muskett','757-450-6604','kmuskettlv@wp.com','86 Havey Park',23464,'Virginia Beach','Virginia',NULL),(789,'Meris','Pyffe','205-591-1383','mpyffelw@hud.gov','97 Old Shore Pass',35405,'Tuscaloosa','Alabama',NULL),(790,'Ulric','Skyner','202-682-3916','uskynerlx@ovh.net','2691 Bluejay Crossing',20036,'Washington','District of Columbia',NULL),(791,'Earle','Balazin','520-797-1558','ebalazinly@booking.com','7364 Sloan Place',86305,'Prescott','Arizona',NULL),(792,'Eustace','Tizard','757-913-2183','etizardlz@tinyurl.com','777 Caliangt Circle',23514,'Norfolk','Virginia',NULL),(793,'Jephthah','Eustis','304-131-4872','jeustism0@bizjournals.com','4961 Arapahoe Terrace',25305,'Charleston','West Virginia',NULL),(794,'Cristen','McGlew','682-307-8451','cmcglewm1@imgur.com','51041 Wayridge Circle',76192,'Fort Worth','Texas',NULL),(795,'Ariela','Wilsee','214-407-5341','awilseem2@tamu.edu','5710 Kennedy Junction',75323,'Dallas','Texas',NULL),(796,'Nathanil','Portwain','763-577-5011','nportwainm3@hatena.ne.jp','11533 Erie Street',55590,'Monticello','Minnesota',NULL),(797,'Helena','Odo','717-363-8442','hodom4@about.me','662 John Wall Park',17126,'Harrisburg','Pennsylvania',NULL),(798,'Marcus','Kettell','304-646-2071','mkettellm5@auda.org.au','03 Oxford Center',25770,'Huntington','West Virginia',NULL),(799,'Jeramey','Sheering','918-446-1567','jsheeringm6@posterous.com','5948 Holmberg Trail',74184,'Tulsa','Oklahoma',NULL),(800,'Nathanael','Ingon','801-318-5133','ningonm7@blogger.com','6277 Sycamore Circle',84199,'Salt Lake City','Utah',NULL),(801,'Dodi','Fallowes','405-786-9891','dfallowesm8@wunderground.com','13943 Gateway Junction',73114,'Oklahoma City','Oklahoma',NULL),(802,'Elfie','Drakard','859-687-2250','edrakardm9@yahoo.com','93 Raven Way',40591,'Lexington','Kentucky',NULL),(803,'Annmaria','Meeland','520-153-9551','ameelandma@google.ru','5622 Moose Road',85743,'Tucson','Arizona',NULL),(804,'Maurise','Tesauro','718-796-7060','mtesauromb@goo.gl','7 Holy Cross Place',11480,'Jamaica','New York',NULL),(805,'Robb','Semechik','203-205-8588','rsemechikmc@sohu.com','206 Waxwing Point',6825,'Fairfield','Connecticut',NULL),(806,'Godfrey','Wailes','214-143-4465','gwailesmd@theglobeandmail.com','39795 Ramsey Park',75221,'Dallas','Texas',NULL),(807,'Maud','Searle','956-481-1490','msearleme@who.int','9 Merry Place',78044,'Laredo','Texas',NULL),(808,'Anjela','Itter','801-301-4837','aittermf@flavors.me','96 Red Cloud Pass',84135,'Salt Lake City','Utah',NULL),(809,'Judith','Lowndsborough','904-264-1396','jlowndsboroughmg@sogou.com','88 Nobel Crossing',32230,'Jacksonville','Florida',NULL),(810,'Chelsae','Sever','405-747-7728','csevermh@adobe.com','4 Lake View Junction',73071,'Norman','Oklahoma',NULL),(811,'Wernher','Smales','212-319-2779','wsmalesmi@imgur.com','62 Melby Plaza',10203,'New York City','New York',NULL),(812,'Holt','Botterill','843-907-6608','hbotterillmj@ow.ly','853 Nobel Lane',29411,'Charleston','South Carolina',NULL),(813,'Koralle','Bartley','941-532-4762','kbartleymk@ovh.net','43 Golf View Park',34238,'Sarasota','Florida',NULL),(814,'Mic','Bellelli','561-335-7083','mbellelliml@yellowbook.com','05696 Morrow Circle',33405,'West Palm Beach','Florida',NULL),(815,'Dorothea','Fielders','508-989-8791','dfieldersmm@upenn.edu','910 Vahlen Way',1605,'Worcester','Massachusetts',NULL),(816,'Aldis','Heppenspall','559-889-8983','aheppenspallmn@google.com','281 Bunker Hill Plaza',93726,'Fresno','California',NULL),(817,'Allie','Giddens','202-644-8989','agiddensmo@businessinsider.com','80 Jenna Crossing',20062,'Washington','District of Columbia',NULL),(818,'Drake','McGivena','775-670-9599','dmcgivenamp@google.ca','0784 Atwood Junction',89714,'Carson City','Nevada',NULL),(819,'Clayborn','Oxborrow','305-355-2085','coxborrowmq@phoca.cz','9 Stephen Avenue',33180,'Miami','Florida',NULL),(820,'Fiann','Cinelli','917-885-4127','fcinellimr@comcast.net','66975 Oneill Hill',10024,'New York City','New York',NULL),(821,'Hadley','Hawton','765-713-8982','hhawtonms@bing.com','4 Oriole Avenue',47905,'Lafayette','Indiana',NULL),(822,'Conni','Lester','605-774-9590','clestermt@google.com.br','7 Killdeer Street',57105,'Sioux Falls','South Dakota',NULL),(823,'Pansy','Brandone','469-158-4354','pbrandonemu@people.com.cn','743 Atwood Parkway',75044,'Garland','Texas',NULL),(824,'Blake','Sketch','310-962-6672','bsketchmv@livejournal.com','0282 Jana Road',90505,'Torrance','California',NULL),(825,'Pete','Fallowes','559-478-4690','pfallowesmw@mac.com','0468 Sutherland Point',93786,'Fresno','California',NULL),(826,'Anetta','Sheehan','412-892-3531','asheehanmx@java.com','25 High Crossing Pass',15255,'Pittsburgh','Pennsylvania',NULL),(827,'Hanson','Caldecourt','914-547-2458','hcaldecourtmy@sciencedaily.com','4 Village Hill',10310,'Staten Island','New York',NULL),(828,'Anna-maria','Overland','402-913-4167','aoverlandmz@latimes.com','2 Homewood Way',68505,'Lincoln','Nebraska',NULL),(829,'Milty','Seeborne','304-830-6257','mseebornen0@yelp.com','7820 Golden Leaf Trail',25305,'Charleston','West Virginia',NULL),(830,'Xylia','Quinevan','904-855-9865','xquinevann1@slashdot.org','4930 Prentice Trail',32244,'Jacksonville','Florida',NULL),(831,'Garnette','Brookfield','804-919-0398','gbrookfieldn2@cnet.com','1 Portage Court',23277,'Richmond','Virginia',NULL),(832,'Dan','Salomon','917-240-6073','dsalomonn3@shinystat.com','2259 Eagan Parkway',10459,'Bronx','New York',NULL),(833,'Grace','Burnall','218-459-6920','gburnalln4@hp.com','5 Arrowood Alley',55423,'Minneapolis','Minnesota',NULL),(834,'Gena','Furmston','901-723-0427','gfurmstonn5@theguardian.com','25360 Mayfield Point',38119,'Memphis','Tennessee',NULL),(835,'Drew','Wohler','602-388-8102','dwohlern6@aboutads.info','71602 Grim Drive',85083,'Phoenix','Arizona',NULL),(836,'Katherine','Elcock','208-803-7837','kelcockn7@wix.com','938 American Trail',83727,'Boise','Idaho',NULL),(837,'Gerrilee','Pardew','435-203-4767','gpardewn8@ezinearticles.com','445 Anhalt Point',84105,'Salt Lake City','Utah',NULL),(838,'Issy','Grelka','419-196-0149','igrelkan9@cbslocal.com','66595 Emmet Circle',43605,'Toledo','Ohio',NULL),(839,'Ahmed','Cooney','754-167-3834','acooneyna@fc2.com','9811 3rd Point',33355,'Fort Lauderdale','Florida',NULL),(840,'Cecily','Dabnor','817-899-7335','cdabnornb@omniture.com','7562 7th Hill',76134,'Fort Worth','Texas',NULL),(841,'Marne','Labell','281-224-0876','mlabellnc@jiathis.com','18113 Kinsman Alley',77050,'Houston','Texas',NULL),(842,'Rutherford','Rowledge','202-134-6457','rrowledgend@sbwire.com','31169 Hoffman Lane',20546,'Washington','District of Columbia',NULL),(843,'Wendall','Sterricks','775-346-8122','wsterricksne@tripadvisor.com','3 Killdeer Road',89706,'Carson City','Nevada',NULL),(844,'Lida','Gainsburgh','480-535-1103','lgainsburghnf@woothemes.com','8589 Morning Avenue',85005,'Phoenix','Arizona',NULL),(845,'Ewell','Timms','719-197-3859','etimmsng@so-net.ne.jp','73 Crescent Oaks Center',80915,'Colorado Springs','Colorado',NULL),(846,'Marne','Mowen','813-732-9669','mmowennh@yale.edu','58478 Menomonie Pass',33543,'Zephyrhills','Florida',NULL),(847,'Fifi','Ferry','254-125-7451','fferryni@dyndns.org','72183 Longview Street',76796,'Waco','Texas',NULL),(848,'Tammy','Wisedale','478-789-9284','twisedalenj@deviantart.com','2 Nevada Court',31217,'Macon','Georgia',NULL),(849,'Wendy','Granleese','213-653-7314','wgranleesenk@opera.com','2833 Dapin Drive',90050,'Los Angeles','California',NULL),(850,'Tedd','Cruse','303-314-3849','tcrusenl@addthis.com','71069 Pine View Pass',80270,'Denver','Colorado',NULL),(851,'Marcos','Rowaszkiewicz','718-990-2342','mrowaszkiewicznm@creativecommons.org','9070 Di Loreto Center',10454,'Bronx','New York',NULL),(852,'Harley','McArley','408-762-2295','hmcarleynn@cnn.com','159 Victoria Place',95160,'San Jose','California',NULL),(853,'Neill','Davy','615-759-4951','ndavyno@sohu.com','5 School Alley',37228,'Nashville','Tennessee',NULL),(854,'Lyndy','Aggs','859-306-8596','laggsnp@t-online.de','7 Macpherson Junction',40546,'Lexington','Kentucky',NULL),(855,'Westley','Londesborough','206-497-3580','wlondesboroughnq@cbsnews.com','515 Elgar Hill',98185,'Seattle','Washington',NULL),(856,'Myranda','Dudmarsh','254-581-0072','mdudmarshnr@whitehouse.gov','26612 Lunder Park',76796,'Waco','Texas',NULL),(857,'Dominica','Pettigrew','951-568-9301','dpettigrewns@nasa.gov','91707 Steensland Pass',92878,'Corona','California',NULL),(858,'Morrie','Soaper','702-186-7483','msoapernt@bloomberg.com','0873 Summit Drive',89115,'Las Vegas','Nevada',NULL),(859,'Kelci','Pollendine','408-450-0349','kpollendinenu@techcrunch.com','7 Arrowood Lane',95150,'San Jose','California',NULL),(860,'Todd','Whyffen','347-677-4813','twhyffennv@prweb.com','7 Toban Avenue',10019,'New York City','New York',NULL),(861,'Leilah','Blakeley','225-990-4034','lblakeleynw@seesaa.net','7094 Lakewood Terrace',70805,'Baton Rouge','Louisiana',NULL),(862,'Tressa','Milborn','212-542-9405','tmilbornnx@blogspot.com','15 Autumn Leaf Pass',10203,'New York City','New York',NULL),(863,'Cathee','Gain','702-811-9792','cgainny@last.fm','16 Sheridan Center',89036,'North Las Vegas','Nevada',NULL),(864,'Lisle','Walbrun','901-527-5793','lwalbrunnz@ucla.edu','90789 Mariners Cove Drive',38181,'Memphis','Tennessee',NULL),(865,'Jemie','Bugs','281-837-0402','jbugso0@google.ca','8 Grover Pass',77070,'Houston','Texas',NULL),(866,'Con','Cartmill','562-641-7358','ccartmillo1@cdc.gov','2 Sundown Center',90610,'Whittier','California',NULL),(867,'Rayner','Breckon','682-101-5805','rbreckono2@engadget.com','1979 Clove Hill',76162,'Fort Worth','Texas',NULL),(868,'Modestia','Fearon','206-485-2083','mfearono3@jugem.jp','1079 Merrick Way',98127,'Seattle','Washington',NULL),(869,'Arther','Elden','425-661-1574','aeldeno4@flickr.com','420 Shelley Lane',98008,'Bellevue','Washington',NULL),(870,'Emili','June','352-452-8189','ejuneo5@imgur.com','7033 Oak Plaza',34479,'Ocala','Florida',NULL),(871,'Cristine','O\'Moylan','954-515-4106','comoylano6@w3.org','09 Lotheville Plaza',33325,'Fort Lauderdale','Florida',NULL),(872,'Yanaton','Martinot','941-534-9510','ymartinoto7@senate.gov','132 Corscot Point',34108,'Naples','Florida',NULL),(873,'Matelda','Siemens','202-194-6445','msiemenso8@cbsnews.com','0 Miller Avenue',20380,'Washington','District of Columbia',NULL),(874,'Phaedra','Rao','205-310-9588','praoo9@hostgator.com','2 Continental Parkway',35205,'Birmingham','Alabama',NULL),(875,'Lyda','Yakob','602-950-8029','lyakoboa@pinterest.com','294 Nova Lane',85020,'Phoenix','Arizona',NULL),(876,'Milly','Sotheron','713-361-9807','msotheronob@gizmodo.com','129 Messerschmidt Way',77255,'Houston','Texas',NULL),(877,'Lanie','Bedberry','202-649-3715','lbedberryoc@yahoo.com','60736 Westport Drive',20238,'Washington','District of Columbia',NULL),(878,'Koenraad','Mussard','319-515-8851','kmussardod@netlog.com','74298 Prairie Rose Parkway',52245,'Iowa City','Iowa',NULL),(879,'Herbie','Clyburn','757-802-1347','hclyburnoe@slashdot.org','45683 Oneill Point',23436,'Suffolk','Virginia',NULL),(880,'Devinne','Fullwood','214-283-1561','dfullwoodof@jalbum.net','6161 Eastwood Circle',75397,'Dallas','Texas',NULL),(881,'Jule','Gymblett','540-747-5152','jgymblettog@tinypic.com','3 Meadow Valley Place',24029,'Roanoke','Virginia',NULL),(882,'Gerik','Copson','702-418-4923','gcopsonoh@behance.net','46930 Blackbird Junction',89012,'Henderson','Nevada',NULL),(883,'Bellina','Calcraft','502-568-5913','bcalcraftoi@tiny.cc','52256 Schmedeman Parkway',40293,'Louisville','Kentucky',NULL),(884,'Levey','Selwyne','203-501-4485','lselwyneoj@columbia.edu','76 Crescent Oaks Plaza',6538,'New Haven','Connecticut',NULL),(885,'Brynne','Bardill','480-269-5540','bbardillok@barnesandnoble.com','6295 Farwell Center',85005,'Phoenix','Arizona',NULL),(886,'Vail','Foss','410-793-6678','vfossol@icq.com','1 Mitchell Point',21405,'Annapolis','Maryland',NULL),(887,'Viola','Goodge','513-733-6761','vgoodgeom@myspace.com','857 Union Center',45233,'Cincinnati','Ohio',NULL),(888,'Christyna','Dysart','234-645-8599','cdysarton@examiner.com','1962 Washington Trail',44720,'Canton','Ohio',NULL),(889,'Benjamen','Emmanuel','770-922-2700','bemmanueloo@time.com','024 Maywood Trail',30340,'Atlanta','Georgia',NULL),(890,'Donnell','Iddenden','323-983-0059','diddendenop@hud.gov','24 Londonderry Plaza',90094,'Los Angeles','California',NULL),(891,'Agata','Manuaud','918-307-6109','amanuaudoq@deviantart.com','30093 Holmberg Drive',74170,'Tulsa','Oklahoma',NULL),(892,'Ulick','Bardell','407-942-5952','ubardellor@amazon.co.jp','978 Maple Trail',32859,'Orlando','Florida',NULL),(893,'Kenna','Poznanski','512-977-6700','kpoznanskios@time.com','284 Browning Hill',78703,'Austin','Texas',NULL),(894,'Marnia','Bosma','706-237-4876','mbosmaot@paypal.com','5 Little Fleur Park',30610,'Athens','Georgia',NULL),(895,'Maynord','Arni','203-638-6402','marniou@nsw.gov.au','646 Monument Park',6816,'Danbury','Connecticut',NULL),(896,'Dede','Estable','405-729-6013','destableov@twitter.com','97 Havey Lane',73152,'Oklahoma City','Oklahoma',NULL),(897,'Elsie','Itscowics','205-167-0589','eitscowicsow@acquirethisname.com','20 Del Mar Court',35210,'Birmingham','Alabama',NULL),(898,'Elladine','Cassells','806-715-9589','ecassellsox@comcast.net','4 Warner Court',79159,'Amarillo','Texas',NULL),(899,'Kelby','Hutchings','912-555-9967','khutchingsoy@simplemachines.org','87 Armistice Plaza',31410,'Savannah','Georgia',NULL),(900,'Mindy','Keal','915-495-4849','mkealoz@opera.com','039 Old Gate Crossing',88514,'El Paso','Texas',NULL),(901,'Almira','Grute','772-994-8734','agrutep0@usgs.gov','60460 Nelson Alley',32964,'Vero Beach','Florida',NULL),(902,'Evvie','Wynter','713-871-4247','ewynterp1@dropbox.com','64 Basil Trail',77228,'Houston','Texas',NULL),(903,'Raynard','Dumbreck','612-656-8166','rdumbreckp2@foxnews.com','0 Sunnyside Way',55123,'Saint Paul','Minnesota',NULL),(904,'Bernie','Paolicchi','212-493-7408','bpaolicchip3@unicef.org','26 Oxford Avenue',11431,'Jamaica','New York',NULL),(905,'Maddy','Cainey','901-582-9050','mcaineyp4@timesonline.co.uk','9 Bayside Drive',38161,'Memphis','Tennessee',NULL),(906,'Vida','Grassett','208-814-1479','vgrassettp5@cnet.com','85056 Kedzie Alley',83722,'Boise','Idaho',NULL),(907,'Cyndi','Jerrand','718-284-4680','cjerrandp6@pen.io','75 Summerview Terrace',10459,'Bronx','New York',NULL),(908,'Francis','Atack','202-857-4427','fatackp7@cloudflare.com','889 Kinsman Way',20591,'Washington','District of Columbia',NULL),(909,'Natale','Carayol','916-739-2180','ncarayolp8@bizjournals.com','744 Larry Road',95813,'Sacramento','California',NULL),(910,'Kirbee','Pickwell','502-871-5034','kpickwellp9@over-blog.com','7808 Vahlen Trail',40210,'Louisville','Kentucky',NULL),(911,'Rowena','Leng','786-885-5252','rlengpa@google.cn','577 Norway Maple Lane',33111,'Miami','Florida',NULL),(912,'Ruy','Longforth','209-240-3714','rlongforthpb@blog.com','65 Hintze Drive',95205,'Stockton','California',NULL),(913,'Christy','Raecroft','225-701-3121','craecroftpc@w3.org','80673 Manufacturers Trail',70810,'Baton Rouge','Louisiana',NULL),(914,'Engracia','Kunzelmann','206-188-3161','ekunzelmannpd@wisc.edu','53892 Brentwood Terrace',98133,'Seattle','Washington',NULL),(915,'Emmaline','Lamps','812-493-7826','elampspe@dropbox.com','2 Old Gate Junction',47712,'Evansville','Indiana',NULL),(916,'Cosimo','Filipiak','209-862-9473','cfilipiakpf@noaa.gov','19 Maywood Center',93291,'Visalia','California',NULL),(917,'Hyman','Resun','504-806-9686','hresunpg@google.es','36 Badeau Hill',70179,'New Orleans','Louisiana',NULL),(918,'Brander','Ranfield','202-253-8945','branfieldph@paginegialle.it','10 Butternut Street',20244,'Washington','District of Columbia',NULL),(919,'Honor','Ondrusek','502-438-4683','hondrusekpi@amazon.co.uk','9616 Havey Point',40293,'Louisville','Kentucky',NULL),(920,'Garek','Snarie','973-938-1779','gsnariepj@dagondesign.com','03647 Jay Pass',7310,'Jersey City','New Jersey',NULL),(921,'Honoria','Bengefield','803-415-8712','hbengefieldpk@com.com','6 Sunbrook Way',29220,'Columbia','South Carolina',NULL),(922,'Freddy','Braiden','419-771-7194','fbraidenpl@ebay.com','781 Hoepker Park',43615,'Toledo','Ohio',NULL),(923,'Modesty','Butte','901-428-1366','mbuttepm@disqus.com','8450 Marcy Terrace',38150,'Memphis','Tennessee',NULL),(924,'Nonah','Rudledge','915-710-9405','nrudledgepn@buzzfeed.com','1855 Prairie Rose Street',79940,'El Paso','Texas',NULL),(925,'Lara','Reek','315-128-3856','lreekpo@sakura.ne.jp','12 Transport Parkway',13505,'Utica','New York',NULL),(926,'Barb','Faltskog','917-169-5711','bfaltskogpp@bloglines.com','45739 Kedzie Street',10009,'New York City','New York',NULL),(927,'Ginelle','Wyldish','702-925-2206','gwyldishpq@wp.com','92929 Lake View Street',89155,'Las Vegas','Nevada',NULL),(928,'Derry','Heaysman','719-567-4268','dheaysmanpr@unicef.org','373 Kedzie Terrace',80915,'Colorado Springs','Colorado',NULL),(929,'Genny','O\'Flannery','313-399-3516','goflanneryps@imdb.com','8 Delaware Plaza',48232,'Detroit','Michigan',NULL),(930,'Hadria','Clemendot','727-338-9338','hclemendotpt@amazon.co.jp','94 Golden Leaf Park',34620,'Clearwater','Florida',NULL),(931,'Jessalyn','Sloegrave','412-302-9081','jsloegravepu@google.de','3 Holy Cross Way',15235,'Pittsburgh','Pennsylvania',NULL),(932,'Kerry','McCudden','614-410-3216','kmccuddenpv@theatlantic.com','23354 Coleman Parkway',43226,'Columbus','Ohio',NULL),(933,'Hershel','Bethel','626-102-4416','hbethelpw@fastcompany.com','7 South Park',91186,'Pasadena','California',NULL),(934,'Tresa','Fieldsend','754-641-5426','tfieldsendpx@ezinearticles.com','607 Gerald Plaza',33345,'Fort Lauderdale','Florida',NULL),(935,'Gregoor','Robjents','202-489-9726','grobjentspy@xrea.com','00508 Summerview Hill',20215,'Washington','District of Columbia',NULL),(936,'Eran','Claw','203-655-1219','eclawpz@cdc.gov','58 South Point',6816,'Danbury','Connecticut',NULL),(937,'Jess','Bavidge','812-919-3079','jbavidgeq0@ebay.com','96 Annamark Circle',47737,'Evansville','Indiana',NULL),(938,'Caryn','Maydway','512-336-9121','cmaydwayq1@dion.ne.jp','92983 Merry Drive',78744,'Austin','Texas',NULL),(939,'Heloise','Duggen','212-354-0947','hduggenq2@msu.edu','0024 Pine View Street',10034,'New York City','New York',NULL),(940,'Barri','Kienl','858-706-7110','bkienlq3@storify.com','85619 Anthes Junction',92145,'San Diego','California',NULL),(941,'Bessy','Plowman','814-219-0185','bplowmanq4@amazon.co.jp','5 Maywood Crossing',16550,'Erie','Pennsylvania',NULL),(942,'Cristin','Antuk','646-416-9359','cantukq5@nps.gov','874 Bay Avenue',11205,'Brooklyn','New York',NULL),(943,'Lotta','Gasperi','503-238-2279','lgasperiq6@ehow.com','8538 Shopko Trail',97286,'Portland','Oregon',NULL),(944,'Nobe','Hasely','216-141-8710','nhaselyq7@springer.com','392 Vernon Way',44191,'Cleveland','Ohio',NULL),(945,'Nerita','Corro','907-278-0121','ncorroq8@cafepress.com','25 Bellgrove Parkway',99812,'Juneau','Alaska',NULL),(946,'Conan','Orris','504-365-5930','corrisq9@wunderground.com','288 Ramsey Circle',70149,'New Orleans','Louisiana',NULL),(947,'Gustav','Wales','865-887-8974','gwalesqa@ihg.com','5 Mosinee Terrace',37939,'Knoxville','Tennessee',NULL),(948,'Damiano','Bosma','478-763-1187','dbosmaqb@noaa.gov','98 Hooker Parkway',31296,'Macon','Georgia',NULL),(949,'Cornela','Simmill','571-747-6313','csimmillqc@joomla.org','9 Bartelt Alley',22217,'Arlington','Virginia',NULL),(950,'Rickie','Zoanetti','501-301-1901','rzoanettiqd@amazon.co.uk','9 Meadow Ridge Pass',71914,'Hot Springs National Park','Arkansas',NULL),(951,'Nerita','Elliston','702-537-2529','nellistonqe@so-net.ne.jp','8 Carioca Trail',89155,'Las Vegas','Nevada',NULL),(952,'Freedman','Eacott','704-940-9807','feacottqf@adobe.com','05103 Drewry Point',28205,'Charlotte','North Carolina',NULL),(953,'Betsey','Gronav','513-795-2348','bgronavqg@nih.gov','31 Bay Way',45264,'Cincinnati','Ohio',NULL),(954,'Pearce','Hawtin','941-141-7525','phawtinqh@ask.com','58223 Oak Valley Avenue',34233,'Sarasota','Florida',NULL),(955,'Umberto','Hatherleigh','763-900-5556','uhatherleighqi@newyorker.com','49193 Montana Pass',55598,'Loretto','Minnesota',NULL),(956,'Bonnee','Look','804-989-0553','blookqj@unblog.fr','011 Burrows Drive',23228,'Richmond','Virginia',NULL),(957,'Joy','Goutcher','434-769-4547','jgoutcherqk@goo.gl','5 Bunker Hill Road',22908,'Charlottesville','Virginia',NULL),(958,'Peter','Darycott','510-496-7270','pdarycottql@tiny.cc','7081 Londonderry Plaza',94605,'Oakland','California',NULL),(959,'Norine','Klossek','210-376-8188','nklossekqm@walmart.com','9152 Mariners Cove Pass',78291,'San Antonio','Texas',NULL),(960,'Gillian','Iannetti','719-665-9714','giannettiqn@privacy.gov.au','3320 Westend Avenue',80995,'Colorado Springs','Colorado',NULL),(961,'Baxter','Grey','415-171-4351','bgreyqo@tripadvisor.com','786 Atwood Hill',94169,'San Francisco','California',NULL),(962,'Lev','Lackham','205-798-8112','llackhamqp@com.com','7269 Mitchell Road',35225,'Birmingham','Alabama',NULL),(963,'Rosalie','Hardson','916-776-3150','rhardsonqq@google.it','1687 Truax Drive',95852,'Sacramento','California',NULL),(964,'Xaviera','Cheeke','561-896-4036','xcheekeqr@berkeley.edu','4 Clarendon Circle',33436,'Boynton Beach','Florida',NULL),(965,'Dorette','Bicknell','727-397-9751','dbicknellqs@github.com','02895 Maywood Junction',33763,'Clearwater','Florida',NULL),(966,'Coralie','Verney','907-860-2494','cverneyqt@ebay.co.uk','1 Lake View Drive',99812,'Juneau','Alaska',NULL),(967,'Moina','Scrowton','864-858-9589','mscrowtonqu@stumbleupon.com','77770 Fair Oaks Court',29319,'Spartanburg','South Carolina',NULL),(968,'Sayres','Iannitti','561-441-9887','siannittiqv@wikia.com','741 Dovetail Center',33421,'West Palm Beach','Florida',NULL),(969,'Lolita','Trinkwon','561-385-5554','ltrinkwonqw@google.co.uk','1280 Pennsylvania Place',33448,'Delray Beach','Florida',NULL),(970,'Lemar','Petrichat','404-473-7431','lpetrichatqx@w3.org','08767 Sachs Court',31190,'Atlanta','Georgia',NULL),(971,'Darnall','Pheasey','704-860-6025','dpheaseyqy@dailymail.co.uk','84 Crowley Alley',28289,'Charlotte','North Carolina',NULL),(972,'Yetta','Glasper','616-759-2761','yglasperqz@europa.eu','8 Oak Valley Circle',49510,'Grand Rapids','Michigan',NULL),(973,'Aleen','Derrett','310-273-9579','aderrettr0@tamu.edu','621 1st Avenue',90398,'Inglewood','California',NULL),(974,'Guenna','Germaine','702-606-3592','ggermainer1@goo.ne.jp','8380 Bonner Drive',89140,'Las Vegas','Nevada',NULL),(975,'Emmey','Bowmen','215-847-7832','ebowmenr2@ning.com','54 Main Park',19131,'Philadelphia','Pennsylvania',NULL),(976,'Danyelle','Cranidge','717-661-2466','dcranidger3@nymag.com','1568 Loftsgordon Street',17121,'Harrisburg','Pennsylvania',NULL),(977,'Celisse','Clother','336-837-0385','cclotherr4@theguardian.com','32 Harper Alley',27264,'High Point','North Carolina',NULL),(978,'Carr','Dallicoat','806-536-3688','cdallicoatr5@ifeng.com','645 Mcbride Trail',79182,'Amarillo','Texas',NULL),(979,'Olav','Mayman','309-154-8510','omaymanr6@histats.com','8571 Judy Circle',60351,'Carol Stream','Illinois',NULL),(980,'Benedicto','Frandsen','415-375-7560','bfrandsenr7@yolasite.com','16134 Grim Pass',94142,'San Francisco','California',NULL),(981,'Birch','Coulthard','571-252-5170','bcoulthardr8@shutterfly.com','133 Melody Avenue',22217,'Arlington','Virginia',NULL),(982,'Arda','Hookes','904-566-9468','ahookesr9@mediafire.com','552 Farmco Park',32225,'Jacksonville','Florida',NULL),(983,'Nels','Burwell','716-142-5776','nburwellra@guardian.co.uk','9304 Westend Center',14276,'Buffalo','New York',NULL),(984,'Royal','Christley','513-289-1228','rchristleyrb@gizmodo.com','77234 6th Pass',45218,'Cincinnati','Ohio',NULL),(985,'Briana','Anstee','469-260-6186','bansteerc@apple.com','6 Superior Drive',75241,'Dallas','Texas',NULL),(986,'Sidney','Give','610-324-9645','sgiverd@devhub.com','33 Lake View Junction',18105,'Allentown','Pennsylvania',NULL),(987,'Dov','Munt','816-424-5925','dmuntre@liveinternet.ru','5396 Forest Dale Way',66112,'Kansas City','Kansas',NULL),(988,'Kerry','Huelin','213-625-5928','khuelinrf@tripod.com','2424 Ludington Place',90050,'Los Angeles','California',NULL),(989,'Vernor','Mendez','205-998-1018','vmendezrg@cornell.edu','1241 Rockefeller Lane',35231,'Birmingham','Alabama',NULL),(990,'Wake','Eddow','813-879-7352','weddowrh@pbs.org','5 Northfield Terrace',33605,'Tampa','Florida',NULL),(991,'Noella','Shirlaw','414-901-7623','nshirlawri@gizmodo.com','9 Sommers Drive',53220,'Milwaukee','Wisconsin',NULL),(992,'Krysta','Leades','717-475-8160','kleadesrj@myspace.com','242 Hallows Trail',17605,'Lancaster','Pennsylvania',NULL),(993,'Wilbert','Brantzen','323-246-1201','wbrantzenrk@dagondesign.com','59 Sutteridge Lane',91606,'North Hollywood','California',NULL),(994,'Egan','Cristofaro','503-219-6745','ecristofarorl@mtv.com','01766 Morrow Pass',97211,'Portland','Oregon',NULL),(995,'Augustine','Stiger','281-765-8009','astigerrm@soundcloud.com','43 Algoma Circle',77386,'Spring','Texas',NULL),(996,'Jori','Loreit','832-509-6533','jloreitrn@myspace.com','24390 Dexter Point',77005,'Houston','Texas',NULL),(997,'Elianora','Tipling','202-803-3103','etiplingro@ezinearticles.com','5 Del Sol Point',20557,'Washington','District of Columbia',NULL),(998,'Lindy','Byre','314-552-0140','lbyrerp@noaa.gov','7833 Moland Place',63110,'Saint Louis','Missouri',NULL),(999,'Valentia','Olyfat','402-328-9154','volyfatrq@nydailynews.com','448 Sherman Hill',68517,'Lincoln','Nebraska',NULL),(1000,'Goddart','Dockree','904-932-8893','gdocksadreerr@soundcloud.com','36 Clemons Lane',32220,'Jacksonville','Florida',NULL),(1001,'Thanh','LE','8327717243','ltthanh@uh.edu','dasdasd',3,'dfsdf','adfadfasd',NULL);
/*!40000 ALTER TABLE `Customer` ENABLE KEYS */;
UNLOCK TABLES;
/*!50003 SET @saved_cs_client      = @@character_set_client */ ;
/*!50003 SET @saved_cs_results     = @@character_set_results */ ;
/*!50003 SET @saved_col_connection = @@collation_connection */ ;
/*!50003 SET character_set_client  = utf8mb4 */ ;
/*!50003 SET character_set_results = utf8mb4 */ ;
/*!50003 SET collation_connection  = utf8mb4_general_ci */ ;
/*!50003 SET @saved_sql_mode       = @@sql_mode */ ;
/*!50003 SET sql_mode              = 'NO_ENGINE_SUBSTITUTION' */ ;
DELIMITER ;;
/*!50003 CREATE*/ /*!50017 DEFINER=`michael`@`%`*/ /*!50003 TRIGGER `Team10`.`Customer_BEFORE_INSERT` BEFORE INSERT ON `Customer` FOR EACH ROW
# If you change the code below, reflect the changes in Customer_BEFORE_INSERT and Customer_BEFORE_UPDATE
BEGIN
	# Verifies there are 0 matches for email in DB
	IF 0 <> (SELECT COUNT(*) FROM `Team10`.`Customer` AS C WHERE C.Email = NEW.Email LIMIT 1) THEN
		# throws an error and cancels the insertion
		SIGNAL SQLSTATE '45000'
		SET MESSAGE_TEXT = 'That email address is already in use, please select another email.';
    END IF;
END */;;
DELIMITER ;
/*!50003 SET sql_mode              = @saved_sql_mode */ ;
/*!50003 SET character_set_client  = @saved_cs_client */ ;
/*!50003 SET character_set_results = @saved_cs_results */ ;
/*!50003 SET collation_connection  = @saved_col_connection */ ;
/*!50003 SET @saved_cs_client      = @@character_set_client */ ;
/*!50003 SET @saved_cs_results     = @@character_set_results */ ;
/*!50003 SET @saved_col_connection = @@collation_connection */ ;
/*!50003 SET character_set_client  = utf8mb4 */ ;
/*!50003 SET character_set_results = utf8mb4 */ ;
/*!50003 SET collation_connection  = utf8mb4_general_ci */ ;
/*!50003 SET @saved_sql_mode       = @@sql_mode */ ;
/*!50003 SET sql_mode              = 'NO_ENGINE_SUBSTITUTION' */ ;
DELIMITER ;;
/*!50003 CREATE*/ /*!50017 DEFINER=`michael`@`%`*/ /*!50003 TRIGGER `Team10`.`Customer_BEFORE_UPDATE` BEFORE UPDATE ON `Customer` FOR EACH ROW
# If you change the code below, reflect the changes in Customer_BEFORE_INSERT and Customer_BEFORE_UPDATE
BEGIN
	# Verifies there are 0 matches for email in DB
	IF OLD.Email <> NEW.Email AND 0 <> (SELECT COUNT(*) FROM `Team10`.`Customer` AS C WHERE C.Email = NEW.Email AND C.Customer_ID <> NEW.Customer_ID LIMIT 1) THEN
		# throws an error and cancels the insertion
		SIGNAL SQLSTATE '45000'
		SET MESSAGE_TEXT = 'That email address is already in use, please select another email.';
    END IF;
END */;;
DELIMITER ;
/*!50003 SET sql_mode              = @saved_sql_mode */ ;
/*!50003 SET character_set_client  = @saved_cs_client */ ;
/*!50003 SET character_set_results = @saved_cs_results */ ;
/*!50003 SET collation_connection  = @saved_col_connection */ ;

--
-- Table structure for table `Department`
--

DROP TABLE IF EXISTS `Department`;
/*!40101 SET @saved_cs_client     = @@character_set_client */;
/*!50503 SET character_set_client = utf8mb4 */;
CREATE TABLE `Department` (
  `Department_ID` int(11) NOT NULL AUTO_INCREMENT,
  `Department_Name` varchar(45) NOT NULL,
  PRIMARY KEY (`Department_ID`),
  UNIQUE KEY `Department_ID_UNIQUE` (`Department_ID`)
) ENGINE=InnoDB AUTO_INCREMENT=153 DEFAULT CHARSET=utf8;
/*!40101 SET character_set_client = @saved_cs_client */;

--
-- Dumping data for table `Department`
--

LOCK TABLES `Department` WRITE;
/*!40000 ALTER TABLE `Department` DISABLE KEYS */;
INSERT INTO `Department` VALUES (1,'Product Management'),(2,'Business Development'),(3,'Legal'),(4,'Training'),(5,'Research and Development'),(6,'Engineering'),(7,'Services'),(8,'Accounting');
/*!40000 ALTER TABLE `Department` ENABLE KEYS */;
UNLOCK TABLES;

--
-- Table structure for table `Event`
--

DROP TABLE IF EXISTS `Event`;
/*!40101 SET @saved_cs_client     = @@character_set_client */;
/*!50503 SET character_set_client = utf8mb4 */;
CREATE TABLE `Event` (
  `Event_ID` int(11) NOT NULL AUTO_INCREMENT,
  `Department_ID` int(11) NOT NULL,
  `Date` datetime NOT NULL,
  `Location` varchar(255) NOT NULL,
  `Image_URL` varchar(255) NOT NULL,
  `Description` varchar(1000) NOT NULL,
  PRIMARY KEY (`Event_ID`),
  KEY `fk_Public Events_Department1_idx` (`Department_ID`),
  CONSTRAINT `fk_Public Events_Department1` FOREIGN KEY (`Department_ID`) REFERENCES `Department` (`Department_ID`)
) ENGINE=InnoDB AUTO_INCREMENT=301 DEFAULT CHARSET=utf8;
/*!40101 SET character_set_client = @saved_cs_client */;

--
-- Dumping data for table `Event`
--

LOCK TABLES `Event` WRITE;
/*!40000 ALTER TABLE `Event` DISABLE KEYS */;
INSERT INTO `Event` VALUES (1,5,'2019-05-26 07:47:21','01149','http://dummyimage.com/255x255.jpg/ff4444/ffffff','egestas metus aenean fermentum donec ut mauris eget massa'),(2,2,'2019-05-01 20:58:36','00008','http://dummyimage.com/255x255.jpg/ff4444/ffffff','porttitor lacus at turpis donec'),(3,3,'2019-05-26 10:43:07','00790','http://dummyimage.com/255x255.jpg/ff4444/ffffff','turpis adipiscing lorem vitae mattis nibh ligula nec sem duis aliquam'),(4,2,'2019-12-24 01:59:24','08860','http://dummyimage.com/255x255.jpg/cc0000/ffffff','vestibulum sagittis sapien cum sociis natoque penatibus et magnis dis parturient montes nascetur ridiculus mus etiam vel'),(5,3,'2019-06-11 12:09:25','46255','http://dummyimage.com/255x255.jpg/ff4444/ffffff','sapien dignissim vestibulum vestibulum ante ipsum primis in faucibus orci luctus et ultrices posuere cubilia curae nulla'),(6,8,'2020-03-16 01:18:33','67858','http://dummyimage.com/255x255.jpg/cc0000/ffffff','sapien in sapien iaculis congue vivamus metus arcu'),(7,2,'2019-08-31 01:54:09','00009','http://dummyimage.com/255x255.jpg/5fa2dd/ffffff','iaculis justo in hac habitasse platea dictumst etiam faucibus cursus'),(8,7,'2019-04-28 18:39:04','00093','http://dummyimage.com/255x255.jpg/ff4444/ffffff','velit id pretium iaculis diam erat fermentum justo nec condimentum neque sapien placerat ante nulla justo aliquam quis turpis eget'),(9,2,'2019-06-23 12:16:06','00885','http://dummyimage.com/255x255.jpg/5fa2dd/ffffff','convallis tortor risus dapibus augue vel accumsan tellus nisi eu'),(10,7,'2019-08-04 00:58:19','02610','http://dummyimage.com/255x255.jpg/5fa2dd/ffffff','cursus urna ut tellus nulla ut erat id mauris vulputate elementum nullam varius nulla facilisi cras non'),(11,6,'2019-05-18 07:37:25','00096','http://dummyimage.com/255x255.jpg/ff4444/ffffff','sed nisl nunc rhoncus dui vel sem sed sagittis'),(12,2,'2020-04-13 08:13:36','04959','http://dummyimage.com/255x255.jpg/dddddd/000000','at nulla suspendisse potenti cras in purus eu'),(13,8,'2019-10-07 21:59:50','06941','http://dummyimage.com/255x255.jpg/5fa2dd/ffffff','porta volutpat erat quisque erat eros viverra eget congue eget'),(14,5,'2019-07-13 11:11:19','00007','http://dummyimage.com/255x255.jpg/ff4444/ffffff','sapien non mi integer ac neque duis bibendum morbi non quam nec'),(15,2,'2020-02-24 03:37:50','12000','http://dummyimage.com/255x255.jpg/cc0000/ffffff','porttitor pede justo eu massa donec dapibus duis at velit eu est congue elementum in hac habitasse platea'),(16,2,'2019-10-20 01:56:00','39392','http://dummyimage.com/255x255.jpg/cc0000/ffffff','in sapien iaculis congue vivamus metus arcu adipiscing molestie hendrerit at vulputate vitae nisl'),(17,8,'2019-07-05 06:16:57','00098','http://dummyimage.com/255x255.jpg/ff4444/ffffff','convallis duis consequat dui nec nisi volutpat eleifend donec ut dolor morbi vel lectus in quam fringilla rhoncus'),(18,2,'2020-01-22 14:52:19','05070','http://dummyimage.com/255x255.jpg/dddddd/000000','ac leo pellentesque ultrices mattis odio donec'),(19,7,'2019-10-28 15:38:42','00008','http://dummyimage.com/255x255.jpg/cc0000/ffffff','aliquet massa id lobortis convallis tortor risus dapibus'),(20,6,'2019-09-04 23:02:16','00058','http://dummyimage.com/255x255.jpg/dddddd/000000','malesuada in imperdiet et commodo vulputate justo in blandit ultrices enim lorem ipsum dolor sit'),(21,8,'2019-10-06 21:55:01','00348','http://dummyimage.com/255x255.jpg/ff4444/ffffff','nec nisi volutpat eleifend donec ut dolor morbi vel lectus in quam fringilla rhoncus mauris'),(22,2,'2020-03-02 09:49:25','00004','http://dummyimage.com/255x255.jpg/5fa2dd/ffffff','ut rhoncus aliquet pulvinar sed nisl nunc rhoncus dui vel sem sed sagittis nam congue risus semper porta volutpat quam'),(23,8,'2020-03-25 21:00:25','07773','http://dummyimage.com/255x255.jpg/5fa2dd/ffffff','aenean auctor gravida sem praesent id massa id nisl venenatis'),(24,2,'2019-08-14 09:06:10','10972','http://dummyimage.com/255x255.jpg/5fa2dd/ffffff','urna ut tellus nulla ut erat id mauris vulputate elementum nullam varius nulla'),(25,7,'2019-10-20 20:20:52','01850','http://dummyimage.com/255x255.jpg/cc0000/ffffff','sodales sed tincidunt eu felis fusce posuere felis'),(26,4,'2019-08-19 09:55:44','00006','http://dummyimage.com/255x255.jpg/ff4444/ffffff','at velit eu est congue elementum in hac habitasse platea dictumst morbi vestibulum'),(27,1,'2019-07-06 07:04:57','00060','http://dummyimage.com/255x255.jpg/5fa2dd/ffffff','non mauris morbi non lectus aliquam sit amet diam in magna bibendum'),(28,7,'2020-03-25 19:31:36','00423','http://dummyimage.com/255x255.jpg/5fa2dd/ffffff','iaculis diam erat fermentum justo nec condimentum neque sapien placerat ante nulla justo aliquam quis turpis eget elit'),(29,8,'2019-12-05 11:19:18','05424','http://dummyimage.com/255x255.jpg/cc0000/ffffff','mauris sit amet eros suspendisse accumsan tortor quis turpis sed'),(30,5,'2019-09-04 10:27:03','00009','http://dummyimage.com/255x255.jpg/dddddd/000000','aenean lectus pellentesque eget nunc'),(31,7,'2019-07-28 12:58:20','00072','http://dummyimage.com/255x255.jpg/ff4444/ffffff','tincidunt nulla mollis molestie lorem quisque ut erat curabitur gravida'),(32,2,'2019-11-21 09:10:39','00002','http://dummyimage.com/255x255.jpg/cc0000/ffffff','sociis natoque penatibus et magnis dis parturient montes nascetur ridiculus mus etiam vel augue vestibulum'),(33,7,'2020-01-29 08:19:11','05992','http://dummyimage.com/255x255.jpg/cc0000/ffffff','nulla nisl nunc nisl duis bibendum felis sed interdum venenatis turpis enim blandit mi in porttitor pede justo'),(34,5,'2019-11-07 23:34:21','98071','http://dummyimage.com/255x255.jpg/dddddd/000000','metus arcu adipiscing molestie hendrerit at vulputate vitae nisl aenean lectus pellentesque eget nunc donec quis orci'),(35,5,'2019-09-05 20:09:53','00004','http://dummyimage.com/255x255.jpg/5fa2dd/ffffff','duis bibendum felis sed interdum venenatis turpis enim blandit mi in porttitor pede justo eu massa donec dapibus duis at'),(36,6,'2020-01-22 15:39:48','00377','http://dummyimage.com/255x255.jpg/cc0000/ffffff','nulla dapibus dolor vel est donec odio justo sollicitudin ut suscipit a feugiat et eros'),(37,6,'2019-04-30 00:46:33','00006','http://dummyimage.com/255x255.jpg/ff4444/ffffff','ridiculus mus etiam vel augue vestibulum rutrum rutrum neque aenean auctor gravida sem'),(38,3,'2020-01-25 11:53:17','00006','http://dummyimage.com/255x255.jpg/ff4444/ffffff','hac habitasse platea dictumst morbi vestibulum velit id pretium iaculis diam erat fermentum justo nec condimentum neque sapien'),(39,4,'2019-04-27 14:50:50','00002','http://dummyimage.com/255x255.jpg/5fa2dd/ffffff','molestie hendrerit at vulputate vitae nisl aenean lectus pellentesque eget nunc donec quis orci eget orci'),(40,4,'2019-06-06 20:17:15','00487','http://dummyimage.com/255x255.jpg/cc0000/ffffff','condimentum neque sapien placerat ante nulla justo aliquam quis turpis eget'),(41,4,'2020-03-31 00:34:18','00007','http://dummyimage.com/255x255.jpg/ff4444/ffffff','mi pede malesuada in imperdiet et commodo vulputate justo in blandit ultrices enim'),(42,4,'2019-06-17 22:34:56','00006','http://dummyimage.com/255x255.jpg/5fa2dd/ffffff','quisque porta volutpat erat quisque erat eros viverra eget congue eget semper rutrum'),(43,7,'2019-07-14 22:08:44','90084','http://dummyimage.com/255x255.jpg/5fa2dd/ffffff','vestibulum aliquet ultrices erat tortor sollicitudin mi sit amet lobortis sapien sapien non'),(44,1,'2019-07-22 16:44:53','00264','http://dummyimage.com/255x255.jpg/ff4444/ffffff','tortor sollicitudin mi sit amet lobortis'),(45,6,'2019-12-19 18:58:36','00004','http://dummyimage.com/255x255.jpg/ff4444/ffffff','primis in faucibus orci luctus et ultrices posuere cubilia curae'),(46,4,'2020-04-16 16:35:36','00529','http://dummyimage.com/255x255.jpg/dddddd/000000','lacus curabitur at ipsum ac tellus semper'),(47,5,'2019-07-02 13:21:32','00059','http://dummyimage.com/255x255.jpg/dddddd/000000','et magnis dis parturient montes nascetur ridiculus mus etiam vel augue vestibulum rutrum rutrum neque aenean auctor gravida'),(48,7,'2020-01-10 12:02:10','00079','http://dummyimage.com/255x255.jpg/dddddd/000000','justo sollicitudin ut suscipit a feugiat et eros vestibulum ac est lacinia nisi venenatis'),(49,4,'2020-01-28 13:01:06','00466','http://dummyimage.com/255x255.jpg/cc0000/ffffff','ullamcorper purus sit amet nulla quisque'),(50,3,'2019-05-06 16:35:38','00837','http://dummyimage.com/255x255.jpg/5fa2dd/ffffff','tempus semper est quam pharetra magna ac consequat metus sapien ut nunc vestibulum ante ipsum primis in faucibus orci'),(51,2,'2019-09-14 14:01:39','00004','http://dummyimage.com/255x255.jpg/5fa2dd/ffffff','nunc commodo placerat praesent blandit nam nulla integer pede'),(52,3,'2019-05-26 05:07:57','00617','http://dummyimage.com/255x255.jpg/dddddd/000000','consequat varius integer ac leo'),(53,8,'2019-11-17 12:26:19','00318','http://dummyimage.com/255x255.jpg/dddddd/000000','elementum ligula vehicula consequat morbi a ipsum integer a nibh in'),(54,5,'2019-05-25 08:44:04','00002','http://dummyimage.com/255x255.jpg/ff4444/ffffff','nulla integer pede justo lacinia eget tincidunt eget tempus vel pede morbi'),(55,8,'2019-06-25 05:07:12','00004','http://dummyimage.com/255x255.jpg/cc0000/ffffff','nibh fusce lacus purus aliquet at feugiat non pretium quis lectus suspendisse potenti in eleifend quam a odio'),(56,8,'2019-10-10 07:59:07','00065','http://dummyimage.com/255x255.jpg/5fa2dd/ffffff','pede venenatis non sodales sed tincidunt eu felis fusce posuere felis sed lacus'),(57,4,'2019-12-17 21:32:43','00066','http://dummyimage.com/255x255.jpg/dddddd/000000','at nulla suspendisse potenti cras in purus eu magna vulputate luctus cum sociis natoque'),(58,2,'2020-04-05 14:44:09','00450','http://dummyimage.com/255x255.jpg/ff4444/ffffff','libero non mattis pulvinar nulla pede ullamcorper augue a suscipit nulla elit ac nulla sed vel enim sit amet'),(59,5,'2020-01-15 08:29:06','78597','http://dummyimage.com/255x255.jpg/ff4444/ffffff','nisl venenatis lacinia aenean sit amet justo morbi ut odio cras mi pede malesuada'),(60,7,'2019-06-20 16:41:49','00009','http://dummyimage.com/255x255.jpg/5fa2dd/ffffff','congue diam id ornare imperdiet sapien urna'),(61,8,'2020-02-24 23:07:02','08529','http://dummyimage.com/255x255.jpg/5fa2dd/ffffff','phasellus id sapien in sapien iaculis congue vivamus metus arcu adipiscing molestie'),(62,2,'2019-09-08 07:25:26','07214','http://dummyimage.com/255x255.jpg/ff4444/ffffff','bibendum morbi non quam nec dui luctus rutrum nulla tellus in sagittis dui vel nisl duis ac'),(63,8,'2020-03-24 01:02:54','00012','http://dummyimage.com/255x255.jpg/cc0000/ffffff','imperdiet et commodo vulputate justo in blandit ultrices enim lorem ipsum dolor sit amet consectetuer adipiscing elit proin'),(64,2,'2019-09-24 09:02:48','00013','http://dummyimage.com/255x255.jpg/5fa2dd/ffffff','lectus vestibulum quam sapien varius ut blandit'),(65,5,'2019-10-01 04:33:56','03935','http://dummyimage.com/255x255.jpg/dddddd/000000','eu sapien cursus vestibulum proin eu mi nulla ac enim in tempor turpis'),(66,7,'2019-07-29 07:19:36','00006','http://dummyimage.com/255x255.jpg/ff4444/ffffff','non mattis pulvinar nulla pede ullamcorper augue a suscipit'),(67,1,'2019-04-30 15:36:28','02231','http://dummyimage.com/255x255.jpg/ff4444/ffffff','nisl ut volutpat sapien arcu sed augue aliquam'),(68,1,'2020-01-17 20:39:32','79953','http://dummyimage.com/255x255.jpg/ff4444/ffffff','eu felis fusce posuere felis sed lacus'),(69,7,'2019-12-11 06:46:43','00062','http://dummyimage.com/255x255.jpg/ff4444/ffffff','luctus et ultrices posuere cubilia curae nulla'),(70,3,'2019-08-15 09:11:25','00005','http://dummyimage.com/255x255.jpg/dddddd/000000','ut nulla sed accumsan felis ut at dolor quis odio consequat varius'),(71,1,'2019-07-25 20:51:11','53369','http://dummyimage.com/255x255.jpg/dddddd/000000','neque duis bibendum morbi non quam nec dui luctus rutrum nulla tellus in sagittis'),(72,2,'2019-11-21 05:21:08','00002','http://dummyimage.com/255x255.jpg/ff4444/ffffff','eget eleifend luctus ultricies eu nibh quisque id justo sit amet sapien'),(73,6,'2019-11-03 13:41:07','06104','http://dummyimage.com/255x255.jpg/cc0000/ffffff','aenean sit amet justo morbi ut odio cras mi'),(74,5,'2019-12-06 03:57:24','00005','http://dummyimage.com/255x255.jpg/dddddd/000000','ridiculus mus vivamus vestibulum sagittis sapien cum sociis natoque penatibus et magnis dis parturient montes nascetur ridiculus mus'),(75,8,'2019-08-18 23:58:42','95083','http://dummyimage.com/255x255.jpg/5fa2dd/ffffff','massa id nisl venenatis lacinia aenean sit amet justo morbi'),(76,3,'2020-04-07 02:27:51','00007','http://dummyimage.com/255x255.jpg/cc0000/ffffff','venenatis turpis enim blandit mi in'),(77,6,'2020-03-03 22:06:32','00034','http://dummyimage.com/255x255.jpg/ff4444/ffffff','dis parturient montes nascetur ridiculus mus etiam vel augue vestibulum rutrum rutrum'),(78,3,'2019-12-05 20:35:11','85622','http://dummyimage.com/255x255.jpg/5fa2dd/ffffff','diam vitae quam suspendisse potenti nullam porttitor lacus at turpis donec posuere metus vitae'),(79,7,'2020-02-09 20:18:59','00242','http://dummyimage.com/255x255.jpg/ff4444/ffffff','dolor sit amet consectetuer adipiscing elit'),(80,7,'2020-02-07 00:36:38','14921','http://dummyimage.com/255x255.jpg/ff4444/ffffff','curae duis faucibus accumsan odio curabitur convallis duis consequat dui nec'),(81,6,'2019-05-02 23:02:52','00705','http://dummyimage.com/255x255.jpg/cc0000/ffffff','bibendum felis sed interdum venenatis turpis enim blandit mi in porttitor'),(82,1,'2019-12-21 08:17:32','00381','http://dummyimage.com/255x255.jpg/5fa2dd/ffffff','velit nec nisi vulputate nonummy maecenas tincidunt lacus at velit vivamus vel nulla eget'),(83,3,'2020-01-28 17:04:19','00658','http://dummyimage.com/255x255.jpg/5fa2dd/ffffff','amet turpis elementum ligula vehicula consequat morbi a ipsum integer'),(84,5,'2019-07-17 17:02:09','00485','http://dummyimage.com/255x255.jpg/dddddd/000000','vestibulum ante ipsum primis in faucibus orci luctus et ultrices posuere cubilia curae duis faucibus accumsan odio curabitur'),(85,3,'2019-05-31 23:52:28','00907','http://dummyimage.com/255x255.jpg/dddddd/000000','aliquet ultrices erat tortor sollicitudin mi sit amet lobortis sapien sapien non mi integer ac'),(86,2,'2019-07-17 08:31:31','82958','http://dummyimage.com/255x255.jpg/cc0000/ffffff','vitae ipsum aliquam non mauris morbi non lectus aliquam sit amet diam in magna'),(87,5,'2019-07-14 23:30:47','00070','http://dummyimage.com/255x255.jpg/5fa2dd/ffffff','felis donec semper sapien a libero nam dui proin leo odio porttitor id consequat in consequat ut nulla'),(88,1,'2020-01-26 11:32:24','00351','http://dummyimage.com/255x255.jpg/5fa2dd/ffffff','quisque id justo sit amet sapien dignissim vestibulum vestibulum ante ipsum primis in faucibus orci luctus et'),(89,8,'2019-12-12 18:10:31','00009','http://dummyimage.com/255x255.jpg/ff4444/ffffff','libero nullam sit amet turpis elementum ligula vehicula consequat morbi a ipsum integer a nibh in quis'),(90,7,'2020-01-13 03:53:46','50926','http://dummyimage.com/255x255.jpg/ff4444/ffffff','id nisl venenatis lacinia aenean sit amet justo morbi ut odio cras mi pede malesuada in imperdiet et'),(91,4,'2019-07-21 01:25:03','09425','http://dummyimage.com/255x255.jpg/dddddd/000000','magna vestibulum aliquet ultrices erat tortor sollicitudin mi sit amet'),(92,6,'2019-06-24 00:46:35','06755','http://dummyimage.com/255x255.jpg/dddddd/000000','platea dictumst maecenas ut massa quis augue luctus tincidunt nulla mollis molestie lorem quisque ut erat curabitur gravida'),(93,1,'2019-11-08 03:48:32','60413','http://dummyimage.com/255x255.jpg/5fa2dd/ffffff','curabitur in libero ut massa volutpat'),(94,2,'2019-04-27 20:51:21','00029','http://dummyimage.com/255x255.jpg/ff4444/ffffff','sem sed sagittis nam congue'),(95,4,'2020-01-02 02:04:49','00039','http://dummyimage.com/255x255.jpg/5fa2dd/ffffff','nullam orci pede venenatis non sodales sed tincidunt eu felis fusce posuere felis sed lacus morbi sem'),(96,5,'2019-08-07 02:17:37','00690','http://dummyimage.com/255x255.jpg/5fa2dd/ffffff','imperdiet nullam orci pede venenatis non sodales sed tincidunt eu felis fusce posuere felis'),(97,7,'2020-02-28 20:05:24','40169','http://dummyimage.com/255x255.jpg/ff4444/ffffff','eu tincidunt in leo maecenas pulvinar lobortis est phasellus sit amet erat nulla tempus vivamus in felis'),(98,2,'2019-11-28 17:05:12','00874','http://dummyimage.com/255x255.jpg/5fa2dd/ffffff','volutpat convallis morbi odio odio elementum eu interdum'),(99,7,'2020-03-04 12:03:54','00041','http://dummyimage.com/255x255.jpg/5fa2dd/ffffff','vestibulum quam sapien varius ut blandit non interdum in ante vestibulum'),(100,5,'2019-11-28 05:47:46','00048','http://dummyimage.com/255x255.jpg/dddddd/000000','metus arcu adipiscing molestie hendrerit at vulputate vitae nisl'),(101,1,'2020-03-18 13:37:12','03983','http://dummyimage.com/255x255.jpg/cc0000/ffffff','sapien varius ut blandit non interdum in ante vestibulum ante ipsum primis in faucibus orci luctus'),(102,6,'2020-03-25 15:58:34','00240','http://dummyimage.com/255x255.jpg/ff4444/ffffff','nibh ligula nec sem duis aliquam convallis nunc proin at turpis a pede posuere nonummy integer non velit'),(103,2,'2019-11-14 23:40:53','00989','http://dummyimage.com/255x255.jpg/cc0000/ffffff','quam sollicitudin vitae consectetuer eget rutrum at lorem integer tincidunt ante vel ipsum praesent blandit lacinia erat vestibulum'),(104,3,'2019-04-26 13:32:11','00570','http://dummyimage.com/255x255.jpg/ff4444/ffffff','in consequat ut nulla sed accumsan felis ut at dolor quis odio consequat varius integer ac leo'),(105,2,'2020-02-13 19:06:22','06447','http://dummyimage.com/255x255.jpg/dddddd/000000','nullam sit amet turpis elementum'),(106,5,'2020-03-01 00:36:09','00066','http://dummyimage.com/255x255.jpg/5fa2dd/ffffff','integer ac neque duis bibendum morbi non quam nec'),(107,3,'2019-10-29 08:09:36','74034','http://dummyimage.com/255x255.jpg/dddddd/000000','cum sociis natoque penatibus et'),(108,4,'2019-12-18 08:47:41','00007','http://dummyimage.com/255x255.jpg/cc0000/ffffff','augue aliquam erat volutpat in congue etiam justo etiam pretium iaculis justo'),(109,8,'2020-01-31 01:11:49','08536','http://dummyimage.com/255x255.jpg/5fa2dd/ffffff','tortor duis mattis egestas metus'),(110,7,'2020-02-10 20:25:46','00910','http://dummyimage.com/255x255.jpg/dddddd/000000','neque libero convallis eget eleifend luctus ultricies'),(111,3,'2020-03-16 15:01:04','00004','http://dummyimage.com/255x255.jpg/5fa2dd/ffffff','duis bibendum felis sed interdum venenatis turpis enim blandit mi in porttitor pede justo eu massa donec dapibus duis'),(112,8,'2019-07-11 16:38:01','00009','http://dummyimage.com/255x255.jpg/ff4444/ffffff','ipsum ac tellus semper interdum mauris ullamcorper purus sit amet nulla quisque arcu libero rutrum'),(113,1,'2020-04-17 01:18:24','00001','http://dummyimage.com/255x255.jpg/ff4444/ffffff','nulla suspendisse potenti cras in purus'),(114,2,'2019-11-23 20:27:05','00322','http://dummyimage.com/255x255.jpg/dddddd/000000','erat curabitur gravida nisi at nibh'),(115,1,'2019-11-08 03:49:09','00002','http://dummyimage.com/255x255.jpg/dddddd/000000','integer tincidunt ante vel ipsum praesent blandit lacinia erat vestibulum sed magna at nunc commodo placerat praesent blandit nam'),(116,1,'2019-09-03 23:23:36','01207','http://dummyimage.com/255x255.jpg/5fa2dd/ffffff','cras mi pede malesuada in imperdiet et commodo vulputate'),(117,3,'2019-12-10 20:12:00','09212','http://dummyimage.com/255x255.jpg/ff4444/ffffff','potenti nullam porttitor lacus at turpis donec posuere metus vitae'),(118,3,'2019-09-12 23:52:20','01262','http://dummyimage.com/255x255.jpg/5fa2dd/ffffff','lacus at velit vivamus vel nulla eget eros elementum pellentesque quisque porta'),(119,7,'2019-07-08 03:33:22','03584','http://dummyimage.com/255x255.jpg/dddddd/000000','blandit non interdum in ante vestibulum ante ipsum primis in faucibus orci luctus et ultrices posuere cubilia curae'),(120,2,'2019-05-04 17:41:51','14058','http://dummyimage.com/255x255.jpg/dddddd/000000','in leo maecenas pulvinar lobortis est phasellus sit amet erat nulla tempus'),(121,4,'2019-11-01 10:42:16','06961','http://dummyimage.com/255x255.jpg/dddddd/000000','vulputate elementum nullam varius nulla facilisi cras non velit nec nisi vulputate nonummy'),(122,1,'2020-04-20 18:12:30','92416','http://dummyimage.com/255x255.jpg/dddddd/000000','curabitur gravida nisi at nibh in hac habitasse platea dictumst aliquam augue quam'),(123,7,'2019-09-22 04:41:45','08028','http://dummyimage.com/255x255.jpg/ff4444/ffffff','vestibulum eget vulputate ut ultrices vel augue vestibulum ante ipsum primis in faucibus orci'),(124,2,'2019-11-14 21:33:04','00995','http://dummyimage.com/255x255.jpg/dddddd/000000','primis in faucibus orci luctus et ultrices posuere cubilia curae mauris viverra diam vitae quam suspendisse potenti nullam'),(125,1,'2019-12-21 11:36:42','10234','http://dummyimage.com/255x255.jpg/ff4444/ffffff','odio condimentum id luctus nec molestie sed'),(126,8,'2019-06-18 07:05:13','00001','http://dummyimage.com/255x255.jpg/dddddd/000000','id pretium iaculis diam erat fermentum justo nec condimentum neque sapien placerat ante nulla justo'),(127,6,'2019-11-19 09:45:52','00000','http://dummyimage.com/255x255.jpg/cc0000/ffffff','porta volutpat quam pede lobortis ligula sit amet eleifend pede libero quis orci nullam molestie nibh in lectus'),(128,6,'2019-11-23 14:14:08','42158','http://dummyimage.com/255x255.jpg/ff4444/ffffff','felis eu sapien cursus vestibulum proin eu mi nulla ac enim in tempor turpis nec euismod scelerisque quam turpis adipiscing'),(129,5,'2019-09-21 20:48:12','00406','http://dummyimage.com/255x255.jpg/5fa2dd/ffffff','amet turpis elementum ligula vehicula consequat morbi a ipsum integer a nibh in quis'),(130,8,'2020-04-10 06:46:53','00017','http://dummyimage.com/255x255.jpg/cc0000/ffffff','at ipsum ac tellus semper'),(131,6,'2019-08-13 08:40:40','18597','http://dummyimage.com/255x255.jpg/ff4444/ffffff','nisl nunc nisl duis bibendum felis sed interdum'),(132,3,'2019-07-11 09:45:04','01385','http://dummyimage.com/255x255.jpg/cc0000/ffffff','vel est donec odio justo sollicitudin ut suscipit a feugiat et eros vestibulum ac est'),(133,3,'2020-02-19 06:51:28','06069','http://dummyimage.com/255x255.jpg/cc0000/ffffff','in felis eu sapien cursus vestibulum proin eu mi'),(134,3,'2019-06-27 00:55:57','00006','http://dummyimage.com/255x255.jpg/5fa2dd/ffffff','ac nibh fusce lacus purus aliquet at feugiat non pretium quis lectus suspendisse potenti in eleifend'),(135,3,'2019-05-26 11:59:32','54465','http://dummyimage.com/255x255.jpg/cc0000/ffffff','potenti nullam porttitor lacus at turpis donec posuere metus vitae ipsum aliquam'),(136,5,'2020-02-21 11:25:52','00062','http://dummyimage.com/255x255.jpg/cc0000/ffffff','duis ac nibh fusce lacus purus aliquet at feugiat'),(137,1,'2019-10-18 17:54:32','46623','http://dummyimage.com/255x255.jpg/ff4444/ffffff','elementum pellentesque quisque porta volutpat erat quisque erat eros viverra eget'),(138,5,'2019-09-17 16:46:20','00007','http://dummyimage.com/255x255.jpg/ff4444/ffffff','quis augue luctus tincidunt nulla'),(139,8,'2019-06-06 23:50:56','00065','http://dummyimage.com/255x255.jpg/5fa2dd/ffffff','venenatis turpis enim blandit mi'),(140,7,'2020-03-03 00:23:28','00361','http://dummyimage.com/255x255.jpg/ff4444/ffffff','orci luctus et ultrices posuere cubilia curae mauris viverra diam vitae quam suspendisse potenti nullam'),(141,7,'2019-06-30 09:32:05','03862','http://dummyimage.com/255x255.jpg/5fa2dd/ffffff','augue luctus tincidunt nulla mollis molestie lorem quisque ut erat'),(142,5,'2019-05-22 06:09:01','32346','http://dummyimage.com/255x255.jpg/cc0000/ffffff','amet consectetuer adipiscing elit proin risus praesent lectus vestibulum quam'),(143,7,'2020-04-02 15:21:17','00008','http://dummyimage.com/255x255.jpg/dddddd/000000','mauris enim leo rhoncus sed vestibulum sit amet cursus id turpis integer aliquet massa id lobortis convallis tortor risus dapibus'),(144,1,'2019-05-21 01:57:17','00173','http://dummyimage.com/255x255.jpg/dddddd/000000','at vulputate vitae nisl aenean lectus pellentesque eget'),(145,3,'2019-11-27 05:20:00','00001','http://dummyimage.com/255x255.jpg/5fa2dd/ffffff','lacinia sapien quis libero nullam sit'),(146,8,'2019-10-15 12:48:46','01025','http://dummyimage.com/255x255.jpg/5fa2dd/ffffff','erat tortor sollicitudin mi sit amet lobortis sapien sapien non mi integer ac neque duis bibendum'),(147,2,'2019-05-20 17:26:34','00088','http://dummyimage.com/255x255.jpg/5fa2dd/ffffff','amet consectetuer adipiscing elit proin risus praesent lectus vestibulum quam sapien'),(148,6,'2019-11-03 16:10:58','00931','http://dummyimage.com/255x255.jpg/dddddd/000000','primis in faucibus orci luctus et ultrices posuere cubilia curae mauris viverra diam vitae quam suspendisse potenti nullam porttitor lacus'),(149,8,'2019-08-20 04:47:22','00002','http://dummyimage.com/255x255.jpg/dddddd/000000','a suscipit nulla elit ac nulla sed vel enim sit amet nunc viverra dapibus'),(150,3,'2019-11-08 13:12:46','00043','http://dummyimage.com/255x255.jpg/cc0000/ffffff','molestie nibh in lectus pellentesque at nulla suspendisse potenti cras in purus eu magna vulputate luctus cum sociis natoque'),(151,4,'2020-02-08 10:16:08','00058','http://dummyimage.com/255x255.jpg/ff4444/ffffff','at velit vivamus vel nulla eget eros elementum pellentesque quisque porta volutpat erat quisque erat eros viverra eget congue eget'),(152,4,'2019-10-24 14:27:35','09342','http://dummyimage.com/255x255.jpg/cc0000/ffffff','id ornare imperdiet sapien urna pretium nisl ut volutpat sapien arcu sed augue aliquam erat volutpat'),(153,2,'2019-10-09 17:30:35','00005','http://dummyimage.com/255x255.jpg/5fa2dd/ffffff','in faucibus orci luctus et ultrices posuere'),(154,3,'2019-10-08 19:56:27','00089','http://dummyimage.com/255x255.jpg/dddddd/000000','pellentesque viverra pede ac diam cras'),(155,1,'2019-06-14 15:03:54','00047','http://dummyimage.com/255x255.jpg/5fa2dd/ffffff','cum sociis natoque penatibus et magnis dis parturient montes nascetur ridiculus mus etiam vel augue vestibulum rutrum rutrum neque aenean'),(156,5,'2019-09-29 10:30:26','00888','http://dummyimage.com/255x255.jpg/cc0000/ffffff','vitae consectetuer eget rutrum at'),(157,5,'2019-11-28 09:09:15','23844','http://dummyimage.com/255x255.jpg/dddddd/000000','velit donec diam neque vestibulum eget vulputate ut ultrices vel augue vestibulum ante'),(158,4,'2019-11-30 21:23:10','68228','http://dummyimage.com/255x255.jpg/ff4444/ffffff','orci pede venenatis non sodales sed tincidunt eu felis fusce posuere felis sed lacus morbi sem'),(159,4,'2019-07-28 12:01:51','94165','http://dummyimage.com/255x255.jpg/ff4444/ffffff','vestibulum sit amet cursus id turpis integer aliquet massa id lobortis convallis tortor risus'),(160,7,'2019-09-01 11:12:46','00020','http://dummyimage.com/255x255.jpg/ff4444/ffffff','sem praesent id massa id nisl venenatis lacinia aenean sit amet justo morbi'),(161,6,'2019-11-06 05:26:49','01681','http://dummyimage.com/255x255.jpg/cc0000/ffffff','nisi eu orci mauris lacinia sapien quis libero nullam sit amet'),(162,6,'2019-11-27 07:18:51','76015','http://dummyimage.com/255x255.jpg/dddddd/000000','proin interdum mauris non ligula pellentesque ultrices phasellus id sapien in sapien'),(163,8,'2019-07-17 01:47:19','00008','http://dummyimage.com/255x255.jpg/dddddd/000000','ipsum dolor sit amet consectetuer adipiscing elit proin'),(164,5,'2019-08-05 01:17:10','57396','http://dummyimage.com/255x255.jpg/cc0000/ffffff','tortor quis turpis sed ante vivamus tortor duis mattis egestas metus aenean fermentum donec'),(165,7,'2019-05-03 19:16:31','00098','http://dummyimage.com/255x255.jpg/5fa2dd/ffffff','leo odio condimentum id luctus nec molestie sed justo pellentesque viverra'),(166,3,'2019-08-23 18:19:08','00893','http://dummyimage.com/255x255.jpg/dddddd/000000','magnis dis parturient montes nascetur ridiculus mus vivamus vestibulum sagittis'),(167,2,'2019-09-03 09:42:07','03931','http://dummyimage.com/255x255.jpg/dddddd/000000','ac neque duis bibendum morbi non quam nec dui luctus rutrum nulla tellus in'),(168,7,'2019-04-29 11:35:08','03474','http://dummyimage.com/255x255.jpg/5fa2dd/ffffff','convallis duis consequat dui nec nisi volutpat eleifend donec'),(169,1,'2019-09-05 17:00:17','00005','http://dummyimage.com/255x255.jpg/dddddd/000000','vitae consectetuer eget rutrum at lorem integer tincidunt ante vel ipsum praesent blandit lacinia erat'),(170,2,'2019-06-08 10:03:41','00586','http://dummyimage.com/255x255.jpg/ff4444/ffffff','dui maecenas tristique est et tempus'),(171,1,'2019-05-01 20:56:52','00021','http://dummyimage.com/255x255.jpg/5fa2dd/ffffff','vestibulum ante ipsum primis in faucibus orci luctus et'),(172,5,'2019-06-11 17:31:27','05062','http://dummyimage.com/255x255.jpg/5fa2dd/ffffff','ultrices posuere cubilia curae donec pharetra magna vestibulum aliquet ultrices erat'),(173,6,'2019-07-31 09:38:15','00534','http://dummyimage.com/255x255.jpg/dddddd/000000','morbi non lectus aliquam sit amet diam in magna bibendum imperdiet nullam orci pede venenatis non sodales sed'),(174,2,'2019-12-10 18:01:38','00082','http://dummyimage.com/255x255.jpg/ff4444/ffffff','donec semper sapien a libero nam dui proin leo odio porttitor'),(175,6,'2019-11-17 22:20:57','00008','http://dummyimage.com/255x255.jpg/dddddd/000000','phasellus id sapien in sapien iaculis congue vivamus metus arcu adipiscing molestie hendrerit at vulputate vitae nisl'),(176,8,'2019-12-07 14:25:07','77259','http://dummyimage.com/255x255.jpg/dddddd/000000','eget nunc donec quis orci eget'),(177,7,'2020-03-19 19:23:33','00006','http://dummyimage.com/255x255.jpg/5fa2dd/ffffff','id consequat in consequat ut nulla'),(178,5,'2020-03-05 19:18:22','00987','http://dummyimage.com/255x255.jpg/cc0000/ffffff','libero ut massa volutpat convallis morbi odio'),(179,1,'2020-03-21 17:11:33','04151','http://dummyimage.com/255x255.jpg/dddddd/000000','quam nec dui luctus rutrum nulla tellus in sagittis dui vel nisl duis ac'),(180,6,'2019-09-08 19:28:16','44170','http://dummyimage.com/255x255.jpg/cc0000/ffffff','et tempus semper est quam'),(181,5,'2020-03-14 01:35:48','00043','http://dummyimage.com/255x255.jpg/dddddd/000000','consequat ut nulla sed accumsan felis ut at dolor quis odio'),(182,6,'2020-02-18 22:16:58','00735','http://dummyimage.com/255x255.jpg/5fa2dd/ffffff','amet turpis elementum ligula vehicula consequat morbi a ipsum integer a nibh in'),(183,1,'2019-11-27 18:04:12','00006','http://dummyimage.com/255x255.jpg/cc0000/ffffff','cum sociis natoque penatibus et magnis dis parturient'),(184,6,'2019-10-17 19:28:47','00005','http://dummyimage.com/255x255.jpg/5fa2dd/ffffff','amet diam in magna bibendum'),(185,2,'2019-12-17 12:35:55','18145','http://dummyimage.com/255x255.jpg/cc0000/ffffff','ut suscipit a feugiat et eros vestibulum ac'),(186,2,'2020-03-14 04:02:12','00001','http://dummyimage.com/255x255.jpg/5fa2dd/ffffff','fringilla rhoncus mauris enim leo rhoncus sed vestibulum sit amet cursus id turpis'),(187,1,'2020-01-31 16:16:15','00053','http://dummyimage.com/255x255.jpg/cc0000/ffffff','sed tincidunt eu felis fusce posuere felis sed lacus morbi sem mauris laoreet ut rhoncus'),(188,4,'2020-04-09 22:31:51','07685','http://dummyimage.com/255x255.jpg/5fa2dd/ffffff','duis faucibus accumsan odio curabitur convallis duis consequat dui nec nisi volutpat eleifend donec ut dolor morbi vel lectus'),(189,4,'2019-05-29 23:34:06','27463','http://dummyimage.com/255x255.jpg/dddddd/000000','enim blandit mi in porttitor pede justo eu massa donec dapibus duis at velit eu est congue elementum in'),(190,4,'2020-04-03 07:32:13','00967','http://dummyimage.com/255x255.jpg/cc0000/ffffff','cum sociis natoque penatibus et magnis dis'),(191,2,'2020-04-06 00:30:18','00498','http://dummyimage.com/255x255.jpg/5fa2dd/ffffff','ipsum primis in faucibus orci luctus et ultrices posuere cubilia'),(192,1,'2019-05-31 21:44:09','00698','http://dummyimage.com/255x255.jpg/ff4444/ffffff','mus vivamus vestibulum sagittis sapien cum sociis natoque penatibus et magnis dis parturient montes nascetur ridiculus mus etiam'),(193,3,'2020-01-17 16:30:41','35517','http://dummyimage.com/255x255.jpg/dddddd/000000','ipsum dolor sit amet consectetuer adipiscing elit proin risus praesent lectus vestibulum quam sapien varius ut blandit non interdum'),(194,2,'2020-02-20 16:36:15','09561','http://dummyimage.com/255x255.jpg/cc0000/ffffff','vestibulum ante ipsum primis in faucibus orci luctus et ultrices posuere'),(195,8,'2019-12-04 06:43:52','02653','http://dummyimage.com/255x255.jpg/ff4444/ffffff','platea dictumst morbi vestibulum velit id pretium iaculis'),(196,4,'2019-05-29 14:05:36','00003','http://dummyimage.com/255x255.jpg/5fa2dd/ffffff','malesuada in imperdiet et commodo vulputate'),(197,4,'2020-03-18 20:27:18','07873','http://dummyimage.com/255x255.jpg/5fa2dd/ffffff','integer tincidunt ante vel ipsum praesent blandit lacinia erat vestibulum'),(198,8,'2019-10-19 23:06:58','00000','http://dummyimage.com/255x255.jpg/5fa2dd/ffffff','sapien iaculis congue vivamus metus arcu adipiscing molestie hendrerit at vulputate vitae nisl'),(199,7,'2020-04-01 23:09:07','00348','http://dummyimage.com/255x255.jpg/5fa2dd/ffffff','massa id lobortis convallis tortor risus dapibus augue vel accumsan tellus'),(200,6,'2019-11-21 02:53:48','00005','http://dummyimage.com/255x255.jpg/5fa2dd/ffffff','lacinia sapien quis libero nullam sit amet turpis elementum ligula vehicula consequat morbi a ipsum integer a nibh in'),(201,7,'2020-04-11 04:41:15','00100','http://dummyimage.com/255x255.jpg/ff4444/ffffff','adipiscing elit proin interdum mauris non ligula pellentesque ultrices phasellus id sapien in sapien iaculis congue'),(202,1,'2019-12-23 01:10:57','00002','http://dummyimage.com/255x255.jpg/ff4444/ffffff','sapien non mi integer ac neque duis bibendum morbi non'),(203,4,'2019-11-08 09:56:48','00049','http://dummyimage.com/255x255.jpg/ff4444/ffffff','vel dapibus at diam nam tristique tortor eu pede'),(204,7,'2019-05-18 05:44:50','00923','http://dummyimage.com/255x255.jpg/ff4444/ffffff','ipsum integer a nibh in quis justo maecenas rhoncus aliquam lacus morbi'),(205,8,'2019-09-02 11:29:00','07386','http://dummyimage.com/255x255.jpg/cc0000/ffffff','non mauris morbi non lectus aliquam sit amet diam in magna bibendum imperdiet nullam orci pede venenatis non sodales'),(206,8,'2019-12-26 09:15:55','00933','http://dummyimage.com/255x255.jpg/cc0000/ffffff','vel nulla eget eros elementum pellentesque quisque porta volutpat erat quisque erat'),(207,1,'2019-12-05 02:22:25','00066','http://dummyimage.com/255x255.jpg/cc0000/ffffff','lectus in quam fringilla rhoncus mauris enim leo rhoncus sed vestibulum sit amet cursus id turpis'),(208,3,'2019-05-28 23:37:34','58559','http://dummyimage.com/255x255.jpg/cc0000/ffffff','nunc rhoncus dui vel sem sed sagittis nam congue risus semper porta volutpat quam pede lobortis ligula'),(209,6,'2020-03-20 05:16:20','47775','http://dummyimage.com/255x255.jpg/ff4444/ffffff','turpis eget elit sodales scelerisque mauris sit amet eros'),(210,7,'2019-08-24 01:42:45','03042','http://dummyimage.com/255x255.jpg/dddddd/000000','maecenas rhoncus aliquam lacus morbi quis tortor'),(211,8,'2019-05-05 12:06:17','07575','http://dummyimage.com/255x255.jpg/ff4444/ffffff','morbi vestibulum velit id pretium'),(212,7,'2020-03-12 12:43:54','00664','http://dummyimage.com/255x255.jpg/dddddd/000000','vel augue vestibulum ante ipsum primis in faucibus'),(213,2,'2019-11-11 08:43:16','00051','http://dummyimage.com/255x255.jpg/cc0000/ffffff','placerat ante nulla justo aliquam quis turpis eget elit sodales scelerisque mauris sit amet eros suspendisse'),(214,7,'2019-07-12 04:06:43','00052','http://dummyimage.com/255x255.jpg/cc0000/ffffff','mauris lacinia sapien quis libero nullam sit amet turpis elementum ligula vehicula consequat morbi a ipsum integer a'),(215,2,'2019-10-17 11:18:44','80551','http://dummyimage.com/255x255.jpg/5fa2dd/ffffff','id luctus nec molestie sed justo pellentesque viverra pede ac diam cras pellentesque volutpat dui maecenas'),(216,6,'2019-10-10 11:50:18','00003','http://dummyimage.com/255x255.jpg/dddddd/000000','sollicitudin vitae consectetuer eget rutrum at lorem integer tincidunt'),(217,7,'2020-02-11 05:47:55','00004','http://dummyimage.com/255x255.jpg/cc0000/ffffff','risus dapibus augue vel accumsan tellus nisi eu orci mauris lacinia sapien quis'),(218,8,'2020-03-17 20:19:17','07925','http://dummyimage.com/255x255.jpg/dddddd/000000','quam pharetra magna ac consequat metus sapien ut nunc vestibulum ante ipsum primis in faucibus orci luctus'),(219,2,'2019-07-02 08:21:28','00004','http://dummyimage.com/255x255.jpg/5fa2dd/ffffff','elementum ligula vehicula consequat morbi'),(220,1,'2020-04-01 13:13:08','02379','http://dummyimage.com/255x255.jpg/5fa2dd/ffffff','aenean fermentum donec ut mauris eget'),(221,5,'2020-02-15 15:39:04','00001','http://dummyimage.com/255x255.jpg/5fa2dd/ffffff','augue aliquam erat volutpat in congue etiam justo etiam'),(222,3,'2019-11-13 15:38:46','00005','http://dummyimage.com/255x255.jpg/cc0000/ffffff','tempus vivamus in felis eu sapien cursus vestibulum proin eu mi nulla ac enim in tempor'),(223,2,'2019-08-01 19:19:12','07278','http://dummyimage.com/255x255.jpg/ff4444/ffffff','felis eu sapien cursus vestibulum proin eu mi nulla ac'),(224,7,'2019-10-14 02:23:36','00009','http://dummyimage.com/255x255.jpg/5fa2dd/ffffff','ultrices erat tortor sollicitudin mi sit amet lobortis sapien sapien non mi integer ac neque duis bibendum morbi non'),(225,6,'2019-12-10 20:11:48','00747','http://dummyimage.com/255x255.jpg/ff4444/ffffff','turpis elementum ligula vehicula consequat morbi a ipsum integer a nibh in quis justo maecenas rhoncus'),(226,6,'2019-07-05 14:05:44','00019','http://dummyimage.com/255x255.jpg/5fa2dd/ffffff','dis parturient montes nascetur ridiculus mus etiam vel augue vestibulum rutrum rutrum neque aenean'),(227,2,'2020-01-13 07:49:05','00787','http://dummyimage.com/255x255.jpg/5fa2dd/ffffff','leo maecenas pulvinar lobortis est phasellus sit amet erat nulla tempus vivamus in felis eu'),(228,4,'2019-11-04 16:23:03','00650','http://dummyimage.com/255x255.jpg/5fa2dd/ffffff','quis odio consequat varius integer ac leo pellentesque ultrices mattis odio donec'),(229,1,'2019-06-25 09:11:42','00072','http://dummyimage.com/255x255.jpg/cc0000/ffffff','dui proin leo odio porttitor id consequat in consequat ut nulla sed accumsan'),(230,5,'2020-03-18 11:50:11','00009','http://dummyimage.com/255x255.jpg/dddddd/000000','tristique fusce congue diam id ornare imperdiet'),(231,7,'2019-09-22 23:56:10','00078','http://dummyimage.com/255x255.jpg/5fa2dd/ffffff','neque vestibulum eget vulputate ut ultrices vel augue vestibulum ante ipsum primis in faucibus orci luctus'),(232,2,'2019-11-05 16:18:38','02227','http://dummyimage.com/255x255.jpg/dddddd/000000','augue vel accumsan tellus nisi eu orci mauris lacinia sapien quis libero nullam sit amet turpis'),(233,5,'2019-07-15 05:01:57','00093','http://dummyimage.com/255x255.jpg/5fa2dd/ffffff','felis sed lacus morbi sem'),(234,8,'2019-11-26 09:14:17','91587','http://dummyimage.com/255x255.jpg/5fa2dd/ffffff','magna at nunc commodo placerat praesent blandit nam nulla integer pede'),(235,1,'2020-01-16 09:01:52','11449','http://dummyimage.com/255x255.jpg/5fa2dd/ffffff','amet nulla quisque arcu libero rutrum ac lobortis vel dapibus at diam nam'),(236,1,'2019-12-22 13:13:55','00002','http://dummyimage.com/255x255.jpg/cc0000/ffffff','nulla nisl nunc nisl duis bibendum felis sed interdum venenatis turpis enim blandit mi in porttitor pede justo eu massa'),(237,5,'2019-07-18 18:11:34','00003','http://dummyimage.com/255x255.jpg/dddddd/000000','lectus aliquam sit amet diam in magna bibendum imperdiet nullam orci pede venenatis non sodales sed tincidunt'),(238,8,'2019-11-23 02:05:54','87607','http://dummyimage.com/255x255.jpg/cc0000/ffffff','quisque ut erat curabitur gravida nisi at nibh in hac habitasse platea dictumst aliquam augue'),(239,4,'2019-07-19 14:22:12','00760','http://dummyimage.com/255x255.jpg/5fa2dd/ffffff','pellentesque viverra pede ac diam cras pellentesque volutpat dui maecenas tristique est et tempus'),(240,1,'2020-03-05 01:22:46','00139','http://dummyimage.com/255x255.jpg/5fa2dd/ffffff','ultrices vel augue vestibulum ante ipsum primis in faucibus orci luctus et ultrices posuere cubilia curae donec pharetra'),(241,2,'2019-11-28 04:32:21','00035','http://dummyimage.com/255x255.jpg/5fa2dd/ffffff','consequat in consequat ut nulla sed accumsan'),(242,2,'2019-06-14 00:37:57','00204','http://dummyimage.com/255x255.jpg/cc0000/ffffff','ultrices vel augue vestibulum ante ipsum primis in faucibus orci luctus'),(243,4,'2019-11-07 13:05:18','09846','http://dummyimage.com/255x255.jpg/cc0000/ffffff','a suscipit nulla elit ac nulla sed vel enim sit amet nunc viverra dapibus nulla'),(244,3,'2020-02-18 07:08:20','00211','http://dummyimage.com/255x255.jpg/ff4444/ffffff','fringilla rhoncus mauris enim leo rhoncus sed vestibulum sit'),(245,6,'2020-03-14 08:14:04','02931','http://dummyimage.com/255x255.jpg/ff4444/ffffff','augue quam sollicitudin vitae consectetuer eget rutrum at lorem integer'),(246,1,'2020-03-26 14:13:15','00002','http://dummyimage.com/255x255.jpg/dddddd/000000','in libero ut massa volutpat convallis morbi odio odio elementum eu interdum eu tincidunt in leo maecenas pulvinar lobortis est'),(247,6,'2020-01-27 10:30:27','00048','http://dummyimage.com/255x255.jpg/dddddd/000000','maecenas tristique est et tempus semper est quam pharetra magna ac'),(248,6,'2019-07-25 13:57:02','00008','http://dummyimage.com/255x255.jpg/dddddd/000000','non mattis pulvinar nulla pede ullamcorper augue a suscipit nulla elit ac nulla sed vel enim sit amet nunc'),(249,4,'2020-01-09 15:30:37','09128','http://dummyimage.com/255x255.jpg/5fa2dd/ffffff','arcu adipiscing molestie hendrerit at'),(250,6,'2020-04-06 07:13:48','95470','http://dummyimage.com/255x255.jpg/cc0000/ffffff','sem duis aliquam convallis nunc proin at turpis a pede posuere nonummy'),(251,2,'2020-03-07 23:39:35','02764','http://dummyimage.com/255x255.jpg/dddddd/000000','ipsum integer a nibh in quis justo maecenas rhoncus aliquam lacus morbi quis tortor id nulla ultrices'),(252,7,'2019-11-22 11:01:09','00003','http://dummyimage.com/255x255.jpg/ff4444/ffffff','aliquam lacus morbi quis tortor id nulla ultrices aliquet'),(253,3,'2019-05-09 22:01:46','00798','http://dummyimage.com/255x255.jpg/cc0000/ffffff','eros suspendisse accumsan tortor quis turpis sed ante vivamus tortor duis mattis egestas metus aenean fermentum donec'),(254,7,'2019-11-24 23:01:05','00008','http://dummyimage.com/255x255.jpg/ff4444/ffffff','nunc proin at turpis a pede posuere nonummy integer non velit donec'),(255,7,'2019-10-19 01:06:07','00005','http://dummyimage.com/255x255.jpg/5fa2dd/ffffff','sed ante vivamus tortor duis mattis egestas metus aenean fermentum donec ut'),(256,5,'2019-10-03 19:36:13','00007','http://dummyimage.com/255x255.jpg/ff4444/ffffff','pede posuere nonummy integer non'),(257,8,'2020-04-10 12:57:44','21441','http://dummyimage.com/255x255.jpg/ff4444/ffffff','convallis nunc proin at turpis a'),(258,4,'2019-08-23 19:31:20','00077','http://dummyimage.com/255x255.jpg/5fa2dd/ffffff','pede morbi porttitor lorem id ligula suspendisse ornare consequat lectus in est risus auctor sed tristique'),(259,4,'2019-09-09 16:13:18','00311','http://dummyimage.com/255x255.jpg/5fa2dd/ffffff','pede justo lacinia eget tincidunt eget tempus vel pede morbi porttitor lorem id ligula suspendisse'),(260,2,'2019-09-04 05:42:10','00072','http://dummyimage.com/255x255.jpg/dddddd/000000','vulputate luctus cum sociis natoque penatibus et magnis'),(261,3,'2019-11-15 11:31:03','67233','http://dummyimage.com/255x255.jpg/5fa2dd/ffffff','blandit mi in porttitor pede justo'),(262,4,'2019-08-01 03:40:44','00001','http://dummyimage.com/255x255.jpg/5fa2dd/ffffff','sed augue aliquam erat volutpat in'),(263,6,'2019-07-03 15:48:48','00759','http://dummyimage.com/255x255.jpg/ff4444/ffffff','semper sapien a libero nam dui'),(264,5,'2019-12-21 12:51:45','00009','http://dummyimage.com/255x255.jpg/5fa2dd/ffffff','integer ac neque duis bibendum morbi non quam nec dui luctus rutrum nulla tellus in sagittis'),(265,7,'2020-02-06 11:06:16','03597','http://dummyimage.com/255x255.jpg/5fa2dd/ffffff','aenean sit amet justo morbi ut'),(266,6,'2019-05-06 07:13:45','00920','http://dummyimage.com/255x255.jpg/cc0000/ffffff','in leo maecenas pulvinar lobortis est phasellus sit amet erat nulla tempus'),(267,4,'2019-09-16 22:16:02','06883','http://dummyimage.com/255x255.jpg/5fa2dd/ffffff','morbi vestibulum velit id pretium iaculis diam erat'),(268,3,'2019-07-21 10:07:23','00381','http://dummyimage.com/255x255.jpg/dddddd/000000','sapien varius ut blandit non interdum in ante vestibulum ante ipsum primis'),(269,7,'2019-09-19 00:24:10','02770','http://dummyimage.com/255x255.jpg/cc0000/ffffff','semper sapien a libero nam dui proin leo odio porttitor'),(270,6,'2020-02-23 06:59:50','19916','http://dummyimage.com/255x255.jpg/ff4444/ffffff','in blandit ultrices enim lorem ipsum dolor sit'),(271,4,'2019-07-02 05:52:40','77226','http://dummyimage.com/255x255.jpg/ff4444/ffffff','odio elementum eu interdum eu tincidunt in leo maecenas pulvinar lobortis est'),(272,3,'2019-05-23 12:41:24','07693','http://dummyimage.com/255x255.jpg/dddddd/000000','magna at nunc commodo placerat praesent blandit nam nulla integer pede justo lacinia eget tincidunt eget tempus vel pede'),(273,4,'2019-07-13 15:12:23','00071','http://dummyimage.com/255x255.jpg/cc0000/ffffff','in lectus pellentesque at nulla suspendisse potenti cras in purus eu magna vulputate luctus cum sociis natoque'),(274,6,'2019-11-27 22:03:17','00404','http://dummyimage.com/255x255.jpg/5fa2dd/ffffff','ante vivamus tortor duis mattis egestas metus aenean fermentum donec ut mauris eget massa'),(275,3,'2020-03-12 05:10:10','88655','http://dummyimage.com/255x255.jpg/5fa2dd/ffffff','ipsum integer a nibh in quis justo maecenas rhoncus aliquam lacus morbi quis tortor id nulla ultrices aliquet maecenas'),(276,3,'2020-03-04 14:43:45','00003','http://dummyimage.com/255x255.jpg/cc0000/ffffff','aliquam non mauris morbi non lectus aliquam sit amet diam in magna bibendum imperdiet nullam orci pede venenatis non'),(277,6,'2020-01-20 13:36:05','00729','http://dummyimage.com/255x255.jpg/cc0000/ffffff','vestibulum rutrum rutrum neque aenean auctor gravida sem praesent'),(278,5,'2020-03-10 20:15:38','07804','http://dummyimage.com/255x255.jpg/dddddd/000000','lacinia eget tincidunt eget tempus vel pede morbi porttitor lorem id'),(279,1,'2020-04-16 00:28:37','06772','http://dummyimage.com/255x255.jpg/5fa2dd/ffffff','maecenas tristique est et tempus semper'),(280,2,'2020-03-17 01:59:52','00094','http://dummyimage.com/255x255.jpg/dddddd/000000','nullam porttitor lacus at turpis donec posuere metus vitae ipsum aliquam non mauris morbi non lectus'),(281,2,'2019-08-08 15:30:09','47532','http://dummyimage.com/255x255.jpg/ff4444/ffffff','nam dui proin leo odio porttitor id consequat in consequat'),(282,1,'2020-03-19 04:09:58','08155','http://dummyimage.com/255x255.jpg/ff4444/ffffff','phasellus sit amet erat nulla tempus vivamus in felis eu sapien cursus vestibulum proin eu mi nulla ac enim'),(283,3,'2019-09-21 09:27:41','00390','http://dummyimage.com/255x255.jpg/cc0000/ffffff','vulputate nonummy maecenas tincidunt lacus at velit vivamus vel'),(284,7,'2019-08-20 23:00:00','05027','http://dummyimage.com/255x255.jpg/cc0000/ffffff','scelerisque mauris sit amet eros suspendisse accumsan tortor quis'),(285,3,'2019-06-22 06:41:04','00009','http://dummyimage.com/255x255.jpg/5fa2dd/ffffff','ac est lacinia nisi venenatis tristique fusce'),(286,1,'2019-07-22 02:15:11','00005','http://dummyimage.com/255x255.jpg/dddddd/000000','convallis morbi odio odio elementum eu interdum eu tincidunt in leo maecenas pulvinar lobortis'),(287,6,'2019-09-16 06:51:20','08190','http://dummyimage.com/255x255.jpg/dddddd/000000','justo nec condimentum neque sapien placerat ante nulla'),(288,8,'2019-07-25 09:23:30','06922','http://dummyimage.com/255x255.jpg/dddddd/000000','nec euismod scelerisque quam turpis adipiscing lorem vitae mattis nibh ligula nec sem duis aliquam convallis'),(289,7,'2019-11-09 09:41:22','06982','http://dummyimage.com/255x255.jpg/ff4444/ffffff','pede libero quis orci nullam molestie nibh in lectus pellentesque at nulla suspendisse potenti cras in purus eu magna vulputate'),(290,4,'2020-02-29 14:06:34','00783','http://dummyimage.com/255x255.jpg/ff4444/ffffff','cubilia curae mauris viverra diam vitae quam suspendisse'),(291,7,'2019-07-04 23:29:55','00184','http://dummyimage.com/255x255.jpg/cc0000/ffffff','quis orci nullam molestie nibh in lectus pellentesque at nulla suspendisse potenti cras in purus eu magna vulputate luctus'),(292,2,'2019-06-03 05:45:57','00820','http://dummyimage.com/255x255.jpg/5fa2dd/ffffff','est et tempus semper est quam pharetra magna ac consequat metus sapien ut nunc vestibulum ante ipsum'),(293,8,'2019-10-10 23:02:59','13702','http://dummyimage.com/255x255.jpg/ff4444/ffffff','pulvinar sed nisl nunc rhoncus dui vel'),(294,1,'2019-07-14 21:27:32','68161','http://dummyimage.com/255x255.jpg/ff4444/ffffff','eu orci mauris lacinia sapien quis libero nullam sit amet turpis elementum ligula vehicula consequat morbi a'),(295,3,'2019-08-19 16:33:15','00041','http://dummyimage.com/255x255.jpg/5fa2dd/ffffff','hac habitasse platea dictumst etiam faucibus cursus urna ut tellus nulla ut'),(296,6,'2019-08-02 10:25:17','09236','http://dummyimage.com/255x255.jpg/cc0000/ffffff','lacus morbi quis tortor id nulla ultrices aliquet maecenas leo odio condimentum id luctus nec'),(297,6,'2019-09-23 14:28:24','00355','http://dummyimage.com/255x255.jpg/cc0000/ffffff','nisl nunc nisl duis bibendum felis sed interdum'),(298,6,'2019-07-10 19:17:18','00842','http://dummyimage.com/255x255.jpg/ff4444/ffffff','pretium quis lectus suspendisse potenti in eleifend quam a odio in hac habitasse platea dictumst maecenas ut massa quis'),(299,7,'2019-09-02 07:33:52','00003','http://dummyimage.com/255x255.jpg/ff4444/ffffff','laoreet ut rhoncus aliquet pulvinar sed nisl nunc rhoncus dui'),(300,5,'2019-09-17 19:55:08','93541','http://dummyimage.com/255x255.jpg/5fa2dd/ffffff','scelerisque quam turpis adipiscing lorem vitae mattis nibh ligula nec sem duis');
/*!40000 ALTER TABLE `Event` ENABLE KEYS */;
UNLOCK TABLES;

--
-- Table structure for table `Exhibit`
--

DROP TABLE IF EXISTS `Exhibit`;
/*!40101 SET @saved_cs_client     = @@character_set_client */;
/*!50503 SET character_set_client = utf8mb4 */;
CREATE TABLE `Exhibit` (
  `Exhibit_ID` int(11) NOT NULL AUTO_INCREMENT,
  `Department_ID` int(11) NOT NULL,
  `Animal_ID` int(11) NOT NULL,
  `Name` varchar(32) NOT NULL,
  `Exhibit_Habitat` varchar(45) NOT NULL,
  `Description` varchar(255) NOT NULL,
  `Image_URL` varchar(255) NOT NULL,
  PRIMARY KEY (`Exhibit_ID`),
  KEY `fk_EXHIBIT_Department1_idx` (`Department_ID`),
  CONSTRAINT `fk_EXHIBIT_Department1` FOREIGN KEY (`Department_ID`) REFERENCES `Department` (`Department_ID`)
) ENGINE=InnoDB AUTO_INCREMENT=11 DEFAULT CHARSET=utf8;
/*!40101 SET character_set_client = @saved_cs_client */;

--
-- Dumping data for table `Exhibit`
--

LOCK TABLES `Exhibit` WRITE;
/*!40000 ALTER TABLE `Exhibit` DISABLE KEYS */;
INSERT INTO `Exhibit` VALUES (1,3,2,'Kangaroo, eastern','Savannas','That\'s no fanny pack on their stomach, its a pouch for carrying baby joey\'s! These Kangaroos are often seen in small packs grazing or larger groups napping.','https://source.unsplash.com/2f33ykzzPCU/256x256'),(2,7,0,'Mexican beaded lizard','Dry Forest','This specie of lizard is one of the two venomous species of beaded lizards. They primarily diet on bird and reptile eggs.','https://source.unsplash.com/FswN1Y06Gec/256x170'),(3,6,0,'Jabiru stork','River','These massive storks are over 4-5 ft in height with a wingspan of up to 9 ft!','https://source.unsplash.com/qr3YTbMioQw/256x256'),(4,3,0,'Bee-eater, carmine','Savannas','These little guys can be found in various regions of the world. Recognizable by their carmine color and blue-green head, they are an interesting little bird.','https://source.unsplash.com/E6foA0IkJ7E/256x256'),(5,2,0,'Bee-eater, nubiann','Savannas','Like the name suggests, these little birds feed on bees and other insects. You better bee careful if you\'re an insect within snatching distance of one of these little birds.','https://source.unsplash.com/wyJ5XVYH4l4/256x256'),(6,3,0,'Blackbird, red-winged','Wetland','These blackbirds get their name from the distinct red spot on males shoulders. ','https://source.unsplash.com/_YdpuXpvH8c/256x170'),(7,6,0,'Meerkat, red','Forest','These little mongooses sure love to dig! In this exhibit be sure to keep an eye out for when they peek from and leave their holes!','https://source.unsplash.com/c33t-15k_5A/256x256'),(8,7,0,'Racer, blue,black','Plains','Like hedgehogs, these snakes live in the savannas. Unlike hedgehogs, these lads have no legs.','https://source.unsplash.com/0TzztcEkSFo/256x149'),(9,2,0,'Tarantula','Savannas','These bad boys have 7 segmented legs, with retractable claws at the ends of their legs to grip surfaces. Surrounding these claws are hairs to better climb finer surfaces such as glass.','https://source.unsplash.com/mpC-nvRn3tA/256x170'),(10,6,0,'Pale-throated three-toed sloth','Tropical Forest','These long lounging lads lengthen their limbs to lurch for leaves. Solidary and securely suspended sleeping sixty-thousand seconds sunshine or stormy, the slow sloth slumbers.','https://source.unsplash.com/GTXvpZ2eTdA/256x144');
/*!40000 ALTER TABLE `Exhibit` ENABLE KEYS */;
UNLOCK TABLES;

--
-- Table structure for table `Gift_Shop`
--

DROP TABLE IF EXISTS `Gift_Shop`;
/*!40101 SET @saved_cs_client     = @@character_set_client */;
/*!50503 SET character_set_client = utf8mb4 */;
CREATE TABLE `Gift_Shop` (
  `Shop_ID` int(11) NOT NULL AUTO_INCREMENT,
  `Department_ID` int(11) NOT NULL,
  `Shop_Name` varchar(32) NOT NULL,
  `Description` varchar(255) NOT NULL,
  `Image_URL` varchar(255) NOT NULL,
  `Location` varchar(100) NOT NULL,
  PRIMARY KEY (`Shop_ID`),
  KEY `fk_Shop_Department1_idx` (`Department_ID`),
  CONSTRAINT `fk_Shop_Department1` FOREIGN KEY (`Department_ID`) REFERENCES `Department` (`Department_ID`)
) ENGINE=InnoDB AUTO_INCREMENT=5 DEFAULT CHARSET=utf8;
/*!40101 SET character_set_client = @saved_cs_client */;

--
-- Dumping data for table `Gift_Shop`
--

LOCK TABLES `Gift_Shop` WRITE;
/*!40000 ALTER TABLE `Gift_Shop` DISABLE KEYS */;
INSERT INTO `Gift_Shop` VALUES (1,1,'Macaw Caf','The perfect place to grab a quick bite as you enter the Zoo, Macaw Caf offers a seasonal rotation of market salads and wraps, sandwiches, hamburgers, hot dogs, pizza, fries, and a variety of treats such as parfaits, cookies, trail mix, and fresh fruit.','https://s28164.pcdn.co/files/Macaw-Cafe_0222-1080x720.jpg','01368'),(2,7,'Cypress Circle Caf','This Green Restaurant Certified conscientious caf focuses on providing locally sourced, sustainable fares that are delicious and wholesome for the entire family.','https://s28164.pcdn.co/files/Cypress-Circle-Cafe-0008-2507-1080x720.jpg','14102'),(3,7,'Twiga Caf','Imported straight from the houston zoo, come visit the Twigas spacious, cool dining room to snack on everything from hamburgers to salads to chicken tenders. Pizza, a variety of other kids options, and snacks like fresh fruit, cookies, trail mix, and mo','https://s28164.pcdn.co/files/Twiga-cafe-entrance-1080x720.jpg','90514'),(4,1,'Juanitas Fajitas','You asked and we listened! Juanitas Fajitas are finally here, come and get em\' while they\'re hot!','https://source.unsplash.com/NctysRJAuEs/256x192','02191');
/*!40000 ALTER TABLE `Gift_Shop` ENABLE KEYS */;
UNLOCK TABLES;

--
-- Table structure for table `Item_Purchase`
--

DROP TABLE IF EXISTS `Item_Purchase`;
/*!40101 SET @saved_cs_client     = @@character_set_client */;
/*!50503 SET character_set_client = utf8mb4 */;
CREATE TABLE `Item_Purchase` (
  `Transaction_ID` int(11) NOT NULL AUTO_INCREMENT,
  `Item_ID` int(11) NOT NULL,
  `Customer_ID` int(11) NOT NULL,
  `Total_Cost` float NOT NULL,
  `Purchase_Date` datetime NOT NULL,
  `Quantity` int(11) NOT NULL,
  PRIMARY KEY (`Transaction_ID`),
  KEY `Item_ID_idx` (`Item_ID`),
  KEY `Customer_ID_idx` (`Customer_ID`),
  CONSTRAINT `fk_Item_Purchase_customer1` FOREIGN KEY (`Customer_ID`) REFERENCES `Customer` (`Customer_ID`),
  CONSTRAINT `fk_Item_Purchase_item1` FOREIGN KEY (`Item_ID`) REFERENCES `Items` (`Item_ID`)
) ENGINE=InnoDB AUTO_INCREMENT=201 DEFAULT CHARSET=utf8;
/*!40101 SET character_set_client = @saved_cs_client */;

--
-- Dumping data for table `Item_Purchase`
--

LOCK TABLES `Item_Purchase` WRITE;
/*!40000 ALTER TABLE `Item_Purchase` DISABLE KEYS */;
INSERT INTO `Item_Purchase` VALUES (99,16,309,111,'2019-09-09 13:54:36',2),(100,15,225,125,'2020-01-05 03:00:01',1),(101,3,472,99,'2019-06-29 16:38:01',4),(102,1,780,22,'2019-05-09 08:00:02',16),(103,21,608,101,'2020-02-07 01:56:52',2),(104,23,380,90,'2020-03-04 19:30:41',10),(105,14,995,67,'2020-03-19 07:07:51',6),(106,17,950,135,'2019-11-18 02:45:58',19),(107,18,183,56,'2020-04-08 20:07:29',2),(108,10,530,101,'2019-11-02 01:32:51',16),(109,1,1,100,'2019-09-02 02:45:48',4),(110,9,179,134,'2020-01-13 23:28:00',12),(111,10,507,111,'2019-08-29 02:24:28',6),(112,6,487,3,'2019-09-29 22:03:57',11),(113,1,109,142,'2019-08-27 06:56:59',11),(114,17,98,148,'2019-06-30 18:32:34',15),(115,17,63,9,'2019-11-19 00:50:20',3),(116,23,758,89,'2019-05-21 18:01:53',6),(117,21,257,85,'2020-01-07 19:48:00',11),(118,12,310,76,'2019-07-17 10:41:20',15),(119,16,910,46,'2019-12-06 06:09:11',14),(120,23,200,134,'2019-07-31 16:38:07',5),(121,8,332,79,'2019-11-08 12:07:47',2),(122,1,252,46,'2019-08-31 06:47:05',17),(123,16,466,144,'2019-11-06 10:27:40',5),(124,17,336,80,'2019-07-30 20:07:54',20),(125,1,446,94,'2020-01-01 08:30:54',11),(126,2,144,113,'2019-08-19 01:48:49',20),(127,9,92,14,'2020-01-18 14:02:42',2),(128,4,680,129,'2019-08-28 00:35:17',5),(129,14,574,51,'2019-07-17 08:29:48',16),(130,20,315,131,'2020-01-19 15:08:30',2),(131,4,108,111,'2020-02-22 22:30:10',1),(132,20,147,149,'2019-05-04 05:03:15',10),(133,11,513,30,'2020-03-24 06:03:09',15),(134,6,210,83,'2019-12-29 04:55:16',13),(135,10,122,47,'2019-07-26 11:58:12',13),(136,20,332,10,'2019-04-26 13:30:25',9),(137,16,445,119,'2020-03-08 03:07:03',11),(138,18,174,146,'2019-10-02 04:38:52',18),(139,10,842,22,'2020-04-09 04:52:07',4),(140,2,254,121,'2019-09-10 04:40:16',11),(141,12,855,33,'2019-12-05 08:57:53',16),(142,1,87,45,'2019-06-29 21:21:19',8),(143,20,109,9,'2019-07-07 19:17:52',3),(144,3,158,50,'2020-03-08 18:35:13',6),(145,14,367,73,'2019-12-10 16:23:36',1),(146,12,22,53,'2019-08-16 05:15:08',7),(147,22,414,3,'2020-01-14 16:13:52',16),(148,21,964,40,'2019-10-19 13:41:33',6),(149,18,961,6,'2019-06-04 02:34:56',14),(150,14,685,84,'2019-12-17 05:23:11',11),(151,12,608,145,'2019-08-30 15:54:49',19),(152,14,569,136,'2019-05-18 06:54:21',20),(153,19,954,37,'2019-12-16 02:55:54',19),(154,4,818,112,'2019-09-10 07:21:04',19),(155,9,148,88,'2019-06-15 03:07:19',2),(156,2,202,67,'2020-02-25 16:03:25',13),(157,23,415,13,'2019-05-05 08:20:48',16),(158,22,564,107,'2019-08-15 10:24:16',17),(159,7,40,17,'2019-11-12 19:00:59',5),(160,13,852,76,'2019-10-27 13:27:45',1),(161,15,318,2,'2019-07-27 05:12:08',17),(162,7,815,26,'2020-02-16 15:57:44',15),(163,14,733,17,'2020-02-09 17:47:58',1),(164,6,546,137,'2019-09-28 06:09:57',15),(165,14,679,125,'2020-01-05 06:57:33',14),(166,4,746,9,'2019-11-16 10:53:25',6),(167,6,538,139,'2019-06-17 10:51:03',7),(168,1,376,128,'2020-02-01 06:06:05',4),(169,6,617,110,'2020-02-22 19:23:41',1),(170,8,108,104,'2019-07-29 15:48:21',10),(171,4,339,76,'2019-11-14 03:07:46',11),(172,3,132,59,'2020-03-08 09:31:05',15),(173,19,179,150,'2019-07-16 05:09:43',16),(174,19,93,111,'2020-04-20 04:56:41',5),(175,11,435,124,'2019-05-19 04:31:31',17),(176,8,177,140,'2020-01-04 07:12:00',4),(177,22,571,7,'2019-10-08 01:40:50',4),(178,12,846,13,'2019-09-23 11:16:42',7),(179,21,651,43,'2019-06-17 18:20:51',1),(180,19,624,19,'2020-04-12 23:08:00',17),(181,23,979,133,'2019-11-26 10:34:51',7),(182,22,725,113,'2019-12-22 03:06:38',16),(183,14,935,114,'2020-02-04 19:07:52',1),(184,19,960,25,'2019-12-31 15:24:55',1),(185,22,389,67,'2019-09-14 00:57:05',7),(186,14,614,126,'2019-06-28 18:04:42',8),(187,16,82,23,'2019-07-19 17:09:24',15),(188,20,310,44,'2019-12-12 23:17:33',9),(189,6,523,75,'2019-09-23 11:03:54',7),(190,20,156,16,'2019-08-09 03:54:59',6),(191,13,411,66,'2019-08-04 08:40:19',9),(192,8,381,73,'2019-09-28 22:48:16',18),(193,3,620,139,'2020-02-28 09:36:27',2),(194,21,949,116,'2019-12-22 08:34:45',3),(195,20,186,56,'2019-09-30 07:40:49',12),(196,1,868,140,'2020-03-13 10:59:04',7),(197,1,355,69,'2019-08-30 20:01:05',12),(198,2,86,49,'2019-10-17 05:35:21',14),(199,15,134,141,'2020-04-01 01:07:12',15),(200,11,576,57,'2019-05-02 19:40:01',6);
/*!40000 ALTER TABLE `Item_Purchase` ENABLE KEYS */;
UNLOCK TABLES;
/*!50003 SET @saved_cs_client      = @@character_set_client */ ;
/*!50003 SET @saved_cs_results     = @@character_set_results */ ;
/*!50003 SET @saved_col_connection = @@collation_connection */ ;
/*!50003 SET character_set_client  = utf8mb4 */ ;
/*!50003 SET character_set_results = utf8mb4 */ ;
/*!50003 SET collation_connection  = utf8mb4_general_ci */ ;
/*!50003 SET @saved_sql_mode       = @@sql_mode */ ;
/*!50003 SET sql_mode              = 'NO_ENGINE_SUBSTITUTION' */ ;
DELIMITER ;;
/*!50003 CREATE*/ /*!50017 DEFINER=`michael`@`%`*/ /*!50003 TRIGGER `Team10`.`Item_Purchase_BEFORE_INSERT` BEFORE INSERT ON `Item_Purchase` FOR EACH ROW
BEGIN
	DECLARE amount BIGINT;
    SET amount := (SELECT Stock_Count FROM `Team10`.`Items` WHERE Item_ID = NEW.Item_ID)
				  - NEW.Quantity;
	IF (amount < 0) THEN
		# throws an error and cancels the insertion
		SIGNAL SQLSTATE '45000'
		SET MESSAGE_TEXT = 'There is not enough in stock.';
    ELSE
		UPDATE `Team10`.`Items`
		SET
		`Stock_Count` = amount
		WHERE `Item_ID` = NEW.Item_ID;
    END IF;
END */;;
DELIMITER ;
/*!50003 SET sql_mode              = @saved_sql_mode */ ;
/*!50003 SET character_set_client  = @saved_cs_client */ ;
/*!50003 SET character_set_results = @saved_cs_results */ ;
/*!50003 SET collation_connection  = @saved_col_connection */ ;

--
-- Table structure for table `Items`
--

DROP TABLE IF EXISTS `Items`;
/*!40101 SET @saved_cs_client     = @@character_set_client */;
/*!50503 SET character_set_client = utf8mb4 */;
CREATE TABLE `Items` (
  `Item_ID` int(11) NOT NULL AUTO_INCREMENT,
  `Shop_ID` int(11) NOT NULL,
  `Title` varchar(45) NOT NULL,
  `Image_URL` varchar(255) NOT NULL,
  `Price` float NOT NULL,
  `Stock_Count` int(11) NOT NULL,
  PRIMARY KEY (`Item_ID`),
  KEY `Shop_ID_idx` (`Shop_ID`),
  CONSTRAINT `Shop_ID` FOREIGN KEY (`Shop_ID`) REFERENCES `Gift_Shop` (`Shop_ID`)
) ENGINE=InnoDB AUTO_INCREMENT=24 DEFAULT CHARSET=utf8;
/*!40101 SET character_set_client = @saved_cs_client */;

--
-- Dumping data for table `Items`
--

LOCK TABLES `Items` WRITE;
/*!40000 ALTER TABLE `Items` DISABLE KEYS */;
INSERT INTO `Items` VALUES (1,1,'Salad','https://source.unsplash.com/r8A-FTlLY3c/256x192',6.99,50),(2,1,'Wrap','https://source.unsplash.com/SNLfVYmL8os/256x169',3.49,50),(3,1,'Sandwich','https://source.unsplash.com/IZ0LRt1khgM/256x169',4.49,200),(4,1,'Hamburger','https://source.unsplash.com/sc5sTPMrVfk/256x169',5.49,190),(5,1,'Hot dog','https://source.unsplash.com/UgolPhUcu9g/170x256',5.49,150),(6,1,'Pizza','https://source.unsplash.com/x00CzBt4Dfk/256x170',9.99,230),(7,1,'Fries','https://source.unsplash.com/8YBHgP0WrEo/256x170',1.99,350),(8,1,'Parfait','https://source.unsplash.com/86Xd_vAyFv4/256x256',4.49,120),(9,1,'Cookie','https://source.unsplash.com/kID9sxbJ3BQ/256x256',2.49,300),(10,1,'Trail mix','https://source.unsplash.com/6mJLwMY5HgY/256x170',1.49,180),(11,2,'Pepperoni Pizza','https://source.unsplash.com/SU1LFoeEUkk/256x170',9.99,150),(12,2,'Cheese Pizza','https://source.unsplash.com/x00CzBt4Dfk/256x170',9.99,150),(13,2,'Fries','https://source.unsplash.com/8YBHgP0WrEo/256x170',1.99,350),(14,2,'Turkey Bacon Club','https://source.unsplash.com/cGQeYgWt4OI/256x256',3.99,120),(15,2,'Water','https://source.unsplash.com/N-MqWXXZvNY/256x256',1.99,500),(16,2,'Beer','https://source.unsplash.com/NmvMhov1sYc/256x170',8.99,300),(17,3,'Hamburger','https://source.unsplash.com/sc5sTPMrVfk/256x169',5.49,190),(18,3,'Salad','https://source.unsplash.com/r8A-FTlLY3c/256x192',6.99,50),(19,3,'Chicken tenders','https://source.unsplash.com/tgZVmqo-xJI/256x170',3.49,300),(20,3,'Pizza','https://source.unsplash.com/SU1LFoeEUkk/256x170',9.99,230),(21,3,'Cookie','https://source.unsplash.com/kID9sxbJ3BQ/256x256',2.49,200),(22,3,'Trail mix','https://source.unsplash.com/6mJLwMY5HgY/256x170',1.49,180),(23,4,'Fajitas','https://source.unsplash.com/SNLfVYmL8os/256x170',5.99,500);
/*!40000 ALTER TABLE `Items` ENABLE KEYS */;
UNLOCK TABLES;

--
-- Table structure for table `Private_Event`
--

DROP TABLE IF EXISTS `Private_Event`;
/*!40101 SET @saved_cs_client     = @@character_set_client */;
/*!50503 SET character_set_client = utf8mb4 */;
CREATE TABLE `Private_Event` (
  `Event_ID` int(11) NOT NULL AUTO_INCREMENT,
  `Department_ID` int(11) NOT NULL,
  `Event_Date` datetime NOT NULL,
  `Price` float NOT NULL,
  `Guest_Capacity` int(11) NOT NULL,
  `Location` varchar(255) NOT NULL,
  `Event_Type` varchar(255) NOT NULL,
  `Image_URL` varchar(255) NOT NULL,
  `Description` varchar(255) NOT NULL,
  `Is_Booked` tinyint(4) NOT NULL,
  PRIMARY KEY (`Event_ID`),
  UNIQUE KEY `Event_ID_UNIQUE` (`Event_ID`),
  KEY `fk_Private Events_Department1_idx` (`Department_ID`),
  CONSTRAINT `fk_Private_Event_Department1` FOREIGN KEY (`Department_ID`) REFERENCES `Department` (`Department_ID`) ON DELETE NO ACTION ON UPDATE NO ACTION
) ENGINE=InnoDB AUTO_INCREMENT=5 DEFAULT CHARSET=utf8;
/*!40101 SET character_set_client = @saved_cs_client */;

--
-- Dumping data for table `Private_Event`
--

LOCK TABLES `Private_Event` WRITE;
/*!40000 ALTER TABLE `Private_Event` DISABLE KEYS */;
INSERT INTO `Private_Event` VALUES (1,2,'2020-01-23 15:03:29',300,40,'Picnic','Picnic','www.google.com','Looking for a stunning backdrop for your special day? From intimate to extravagant,',0),(2,7,'2020-02-27 12:00:00',25,20,'Wedding Hall','Wedding','www.google.com','The loving marriage of bare knuckle fighter Russle Reeves and Muscle Steve',0),(3,2,'2020-04-14 12:00:00',5,2,'Picnic','Birthday','www.google.com','Little Timmy\'s birthday hungabalooza',1),(4,2,'2020-04-22 12:00:00',85,5,'Meeting Hall','Meeting','www.google.com','The group presentation of Group 10',0);
/*!40000 ALTER TABLE `Private_Event` ENABLE KEYS */;
UNLOCK TABLES;

--
-- Table structure for table `Private_Event_Purchase`
--

DROP TABLE IF EXISTS `Private_Event_Purchase`;
/*!40101 SET @saved_cs_client     = @@character_set_client */;
/*!50503 SET character_set_client = utf8mb4 */;
CREATE TABLE `Private_Event_Purchase` (
  `Transaction_ID` int(11) NOT NULL AUTO_INCREMENT,
  `Event_ID` int(11) NOT NULL,
  `Customer_ID` int(11) NOT NULL,
  `Pass_ID` int(11) NOT NULL,
  `Total_Cost` int(11) NOT NULL,
  `Purchase_Date` datetime NOT NULL,
  `Is_Valid` tinyint(4) NOT NULL,
  PRIMARY KEY (`Transaction_ID`),
  KEY `Event_ID_idx` (`Event_ID`),
  KEY `Customer_ID_idx` (`Customer_ID`),
  CONSTRAINT `fk_Private_Event_Purchase_Customer1` FOREIGN KEY (`Customer_ID`) REFERENCES `Customer` (`Customer_ID`),
  CONSTRAINT `fk_Private_Event_Purchase_Event1` FOREIGN KEY (`Event_ID`) REFERENCES `Private_Event` (`Event_ID`)
) ENGINE=InnoDB AUTO_INCREMENT=6 DEFAULT CHARSET=utf8;
/*!40101 SET character_set_client = @saved_cs_client */;

--
-- Dumping data for table `Private_Event_Purchase`
--

LOCK TABLES `Private_Event_Purchase` WRITE;
/*!40000 ALTER TABLE `Private_Event_Purchase` DISABLE KEYS */;
INSERT INTO `Private_Event_Purchase` VALUES (1,1,123,123,300,'2020-04-04 15:03:29',1),(2,3,1,4121,5,'2020-04-04 15:03:29',1),(3,3,1,4121,5,'2020-04-04 15:03:29',1);
/*!40000 ALTER TABLE `Private_Event_Purchase` ENABLE KEYS */;
UNLOCK TABLES;
/*!50003 SET @saved_cs_client      = @@character_set_client */ ;
/*!50003 SET @saved_cs_results     = @@character_set_results */ ;
/*!50003 SET @saved_col_connection = @@collation_connection */ ;
/*!50003 SET character_set_client  = utf8mb4 */ ;
/*!50003 SET character_set_results = utf8mb4 */ ;
/*!50003 SET collation_connection  = utf8mb4_general_ci */ ;
/*!50003 SET @saved_sql_mode       = @@sql_mode */ ;
/*!50003 SET sql_mode              = 'NO_ENGINE_SUBSTITUTION' */ ;
DELIMITER ;;
/*!50003 CREATE*/ /*!50017 DEFINER=`michael`@`%`*/ /*!50003 TRIGGER `Team10`.`Private_Event_Purchase_BEFORE_INSERT` BEFORE INSERT ON `Private_Event_Purchase` FOR EACH ROW
BEGIN
	DECLARE maxAttending BIGINT;
	DECLARE booked TINYINT;
	DECLARE attending BIGINT;

	SET attending := (SELECT COUNT(*) # Count number of attendees
		FROM Team10.Private_Event_Purchase
		WHERE EVENT_ID=NEW.Event_ID);
	SET maxAttending := (SELECT Guest_Capacity # Grab capacity, and booked status for event
		FROM Team10.Private_Event
		WHERE Event_ID = NEW.Event_ID
		LIMIT 1);
	SET booked := (SELECT Is_Booked # Grab capacity, and booked status for event
		FROM Team10.Private_Event
		WHERE Event_ID = NEW.Event_ID
		LIMIT 1);

	IF (booked)
			OR
			(attending) >= (maxAttending) THEN
		# Incase is booked status wasn't set already
		UPDATE `Team10`.`Private_Event`
				SET
				`Is_Booked` = 1
				WHERE `Event_ID` = NEW.Event_ID;
		# error, event capacity reached
		SIGNAL SQLSTATE '45000'
		SET MESSAGE_TEXT = 'That event is at full capacity.';
	END IF;
	IF (attending + 1) >= (maxAttending) then
		# Reached capacity, setting booked status. All good to insert
		UPDATE `Team10`.`Private_Event`
				SET
				`Is_Booked` = 1
				WHERE `Event_ID` = NEW.Event_ID;
	END IF;
	
END */;;
DELIMITER ;
/*!50003 SET sql_mode              = @saved_sql_mode */ ;
/*!50003 SET character_set_client  = @saved_cs_client */ ;
/*!50003 SET character_set_results = @saved_cs_results */ ;
/*!50003 SET collation_connection  = @saved_col_connection */ ;

--
-- Table structure for table `Staff`
--

DROP TABLE IF EXISTS `Staff`;
/*!40101 SET @saved_cs_client     = @@character_set_client */;
/*!50503 SET character_set_client = utf8mb4 */;
CREATE TABLE `Staff` (
  `Staff_ID` int(11) NOT NULL AUTO_INCREMENT,
  `Department_ID` int(11) NOT NULL,
  `First_Name` varchar(32) NOT NULL,
  `Last_Name` varchar(32) NOT NULL,
  `Job_Title` varchar(32) NOT NULL,
  `Email_Address` varchar(128) NOT NULL,
  `Home_Address` varchar(256) NOT NULL,
  `Salary` float NOT NULL,
  `Start_Date` date NOT NULL,
  PRIMARY KEY (`Staff_ID`),
  UNIQUE KEY `Staff_ID_UNIQUE` (`Staff_ID`),
  KEY `fk_STAFF_Department1_idx` (`Department_ID`),
  CONSTRAINT `Department_ID` FOREIGN KEY (`Department_ID`) REFERENCES `Department` (`Department_ID`) ON DELETE NO ACTION ON UPDATE NO ACTION
) ENGINE=InnoDB AUTO_INCREMENT=15155 DEFAULT CHARSET=utf8 KEY_BLOCK_SIZE=4;
/*!40101 SET character_set_client = @saved_cs_client */;

--
-- Dumping data for table `Staff`
--

LOCK TABLES `Staff` WRITE;
/*!40000 ALTER TABLE `Staff` DISABLE KEYS */;
INSERT INTO `Staff` VALUES (1,4,'Star','Spataro','Technical Writer','sspataroe@independent.co.uk','97 Debs Avenue',18817.1,'2019-05-24'),(2,6,'Leonelle','Ferrie','Health Coach IV','lferrie1@amazonaws.com','2 Pankratz Drive',26190.7,'2019-08-28'),(3,7,'Jami','Hurler','Programmer Analyst IV','jhurler2@infoseek.co.jp','8055 Dwight Junction',18606.6,'2019-11-14'),(4,5,'Correy','Hintzer','Internal Auditor','chintzer3@ca.gov','5 Iowa Center',29453.8,'2020-03-31'),(5,3,'Che','Sonley','Geological Engineer','csonley4@sun.com','2359 Charing Cross Court',22613.1,'2019-08-20'),(6,8,'Bradney','Buckam','Environmental Tech','bbuckam5@tamu.edu','68 Farmco Trail',21872.7,'2019-06-18'),(7,5,'Misha','Daniele','Assistant Manager','mdaniele6@businessweek.com','9207 Artisan Trail',15768.7,'2019-04-28'),(8,7,'Tann','Tomisch','Health Coach II','ttomisch7@kickstarter.com','59 Anniversary Way',27925,'2019-12-14'),(9,8,'Catrina','Bissill','Data Coordiator','cbissill8@friendfeed.com','4032 Bayside Point',15748.4,'2019-06-21'),(10,5,'Sebastien','Swanwick','Nuclear Power Engineer','sswanwick9@loc.gov','19 Express Crossing',18515.7,'2020-04-10'),(12,6,'Maritsa','Simpkin','Pharmacist','msimpkinb@theglobeandmail.com','2 Southridge Way',21503.7,'2019-11-03'),(13,3,'Teodor','Hardan','Executive Secretary','thardanc@cargocollective.com','1844 Express Crossing',17662.7,'2019-05-31'),(14,5,'Madlin','Bollini','Paralegal','mbollinid@yolasite.com','75 Paget Point',26341.7,'2019-11-05'),(15,1,'Star','Spataro','Technical Writer','sspataroe@independent.co.uk','97 Debs Drive',18817.1,'2019-09-25'),(17,1,'Teresa','Hallick','VP Quality Control','thallickg@paypal.com','5 Stone Corner Lane',16919.1,'2020-03-10'),(18,5,'Solomon','Wickstead','Budget/Accounting Analyst I','swicksteadh@seesaa.net','3053 Lillian Hill',28444.2,'2019-05-13'),(19,4,'Gerta','Gillise','Project Manager','ggillisei@tuttocitta.it','8371 Petterle Point',27174.6,'2019-12-04'),(20,6,'Elsey','Jirak','Biostatistician III','ejirakj@skype.com','5219 Manitowish Circle',18602.5,'2019-11-03'),(21,4,'Yevette','McIlvaney','Account Executive','ymcilvaneyk@si.edu','63 Merry Avenue',26022.9,'2019-11-22'),(22,4,'Sibylla','Hunn','Occupational Therapist','shunnl@sphinn.com','7 Gateway Hill',28051.6,'2019-07-19'),(23,5,'Margarethe','Casaro','Staff Accountant II','mcasarom@netscape.com','07789 Del Mar Park',16694.7,'2019-12-17'),(24,7,'Carry','Ary','Human Resources Manager','caryn@biblegateway.com','233 Clove Junction',23521.3,'2019-08-31'),(25,5,'Barnie','O\'Mara','Quality Control Specialist','bomarao@ifeng.com','4208 Burrows Pass',26187.2,'2019-05-04'),(26,3,'Hadrian','Perutto','Recruiting Manager','hperuttop@geocities.jp','319 Melvin Trail',16341.1,'2019-09-11'),(27,1,'Wyatan','Costall','Senior Quality Engineer','wcostallq@dailymail.co.uk','912 Lawn Place',24030.5,'2020-04-17'),(28,2,'Rowe','Vearncombe','Quality Engineer','rvearncomber@com.com','8792 Doe Crossing Junction',25965.5,'2019-12-06'),(29,4,'Frankie','Canceller','VP Quality Control','fcancellers@google.com.br','16394 Erie Circle',26063.1,'2019-06-01'),(30,5,'Rebekkah','Hinnerk','Editor','rhinnerkt@oakley.com','96171 Rieder Hill',20181.7,'2019-08-07'),(31,8,'Stephani','Pavlov','Data Coordiator','spavlovu@trellian.com','28 Kings Street',19048.5,'2019-11-06'),(32,4,'Max','Cissen','Social Worker','mcissenv@sun.com','0 Canary Road',16059,'2019-09-09'),(33,5,'Matthias','Riddett','Office Assistant II','mriddettw@barnesandnoble.com','546 Leroy Court',26977.8,'2019-08-16'),(34,6,'Garvin','Hardware','Web Developer IV','ghardwarex@blogs.com','3344 Thierer Terrace',24013.5,'2020-04-21'),(35,4,'Mariann','Blowes','Structural Analysis Engineer','mblowesy@nationalgeographic.com','60730 Loftsgordon Terrace',16629.5,'2020-03-04'),(36,5,'Alford','Gooley','Accountant II','agooleyz@squidoo.com','27088 Doe Crossing Terrace',26990.2,'2020-04-20'),(37,8,'Marcos','Nerheny','Civil Engineer','mnerheny10@cocolog-nifty.com','717 Del Sol Center',15088.1,'2020-01-18'),(38,3,'Silvano','Dorran','Geological Engineer','sdorran11@example.com','4755 Derek Terrace',19401.8,'2019-07-06'),(39,3,'Farr','Heijne','Account Coordinator','fheijne12@reddit.com','65 Debra Plaza',28852.7,'2020-02-20'),(40,1,'Erek','Ralphs','Chemical Engineer','eralphs13@alexa.com','5 Ronald Regan Crossing',18659.2,'2019-11-18'),(41,3,'Maisie','Bromby','Project Manager','mbromby14@bloomberg.com','39933 Waywood Park',19905.4,'2019-07-23'),(42,8,'Audy','Foucher','Actuary','afoucher15@macromedia.com','1239 Briar Crest Park',16150.7,'2019-08-31'),(43,7,'Joellyn','Moreno','Data Coordiator','jmoreno16@storify.com','3 Clove Pass',24532.2,'2020-01-27'),(44,7,'Doyle','Oneill','Human Resources Assistant IV','doneill17@webs.com','13 Declaration Parkway',20818,'2020-01-05'),(45,1,'Jany','Stivey','Recruiter','jstivey18@mysql.com','333 Utah Park',15966.3,'2019-12-14'),(46,6,'Seward','Keningham','Analog Circuit Design manager','skeningham19@booking.com','2318 Morrow Court',29907.2,'2019-12-15'),(47,8,'Alf','Ansell','Programmer Analyst IV','aansell1a@sohu.com','0 Burning Wood Plaza',23543.6,'2019-06-15'),(48,7,'Oralia','Claffey','Occupational Therapist','oclaffey1b@t-online.de','8 Onsgard Center',26841.3,'2019-09-23'),(49,6,'Maria','Bricksey','VP Sales','mbricksey1c@plala.or.jp','2843 Tennyson Trail',15672.5,'2019-10-22'),(50,2,'Corilla','Dradey','Web Designer IV','cdradey1d@simplemachines.org','74370 Mcbride Road',26922.6,'2019-08-12'),(51,6,'Don','Dossett','Director of Sales','ddossett1e@ted.com','89 Claremont Crossing',15113.9,'2019-08-18'),(52,5,'Dur','Tallow','Human Resources Assistant III','dtallow1f@blog.com','85784 Bluejay Street',28039.3,'2019-11-10'),(53,7,'Carmelita','Carhart','Human Resources Manager','ccarhart1g@live.com','150 Mendota Street',20067.8,'2019-06-12'),(54,1,'Bat','Franke','Structural Analysis Engineer','bfranke1h@tmall.com','208 Thierer Avenue',29344.7,'2019-04-25'),(55,1,'Jerrilee','MacSween','Sales Representative','jmacsween1i@yale.edu','2133 Monterey Plaza',26948.6,'2019-07-03'),(56,5,'Waly','Godard','Help Desk Technician','wgodard1j@bloomberg.com','0 Sherman Court',25772.7,'2020-02-02'),(57,4,'Jsandye','Scoggins','Help Desk Operator','jscoggins1k@utexas.edu','042 Ridgeway Plaza',20132.2,'2019-11-29'),(58,3,'Mandi','Cowsby','Editor','mcowsby1l@twitter.com','2 Forest Dale Trail',19706.3,'2019-07-03'),(59,7,'Noelyn','Ilyuchyov','Pharmacist','nilyuchyov1m@google.com.au','32209 Anderson Lane',20289.5,'2019-05-12'),(60,5,'Dodie','Blyden','Information Systems Manager','dblyden1n@4shared.com','047 Anhalt Parkway',23170.9,'2019-06-20'),(61,1,'Towny','Wawer','VP Sales','twawer1o@booking.com','58007 Kenwood Point',16826.1,'2019-06-26'),(62,5,'Carlina','Kinforth','Payment Adjustment Coordinator','ckinforth1p@salon.com','58 Kings Street',17371.2,'2020-03-17'),(63,2,'Nanete','Pettingall','Social Worker','npettingall1q@senate.gov','75802 Bartelt Plaza',21310.2,'2020-01-28'),(64,8,'Tomaso','Rollingson','Quality Engineer','trollingson1r@businessweek.com','153 Raven Junction',27081.9,'2020-01-09'),(65,2,'Karna','Sawford','Systems Administrator I','ksawford1s@vistaprint.com','0658 Rieder Drive',17355.3,'2020-03-26'),(66,3,'Dotty','Favell','Product Engineer','dfavell1t@baidu.com','7 Golf Hill',16737.7,'2020-03-08'),(67,7,'Arturo','Bigglestone','Structural Analysis Engineer','abigglestone1u@ehow.com','709 Acker Plaza',28572.4,'2019-10-24'),(68,1,'Joyan','Woan','Structural Engineer','jwoan1v@theguardian.com','7346 Bunker Hill Lane',16025.3,'2019-06-08'),(69,5,'Noelyn','Ubank','Computer Systems Analyst IV','nubank1w@uiuc.edu','2 Waywood Avenue',16266,'2020-01-29'),(70,6,'Sherline','Verring','Project Manager','sverring1x@mediafire.com','52 Holy Cross Street',24157.1,'2020-03-14'),(71,6,'Berton','Fesby','Professor','bfesby1y@state.gov','473 Melby Parkway',26020.9,'2019-06-13'),(72,6,'Alleen','Auckland','Director of Sales','aauckland1z@bbc.co.uk','9717 Erie Parkway',27340.5,'2019-10-08'),(73,4,'Nerte','Jacobbe','Payment Adjustment Coordinator','njacobbe20@about.com','9 Loftsgordon Alley',27276.8,'2020-02-28'),(74,5,'Lorrin','Pilkinton','Administrative Assistant IV','lpilkinton21@friendfeed.com','102 Del Sol Junction',25779.4,'2019-05-05'),(75,5,'Percy','Ridpath','Data Coordiator','pridpath22@mlb.com','98 Truax Court',29757.4,'2019-11-21'),(76,1,'Kakalina','Cotilard','Senior Cost Accountant','kcotilard23@surveymonkey.com','696 Hansons Hill',29639.5,'2019-06-01'),(77,8,'Jodie','Jecock','Chemical Engineer','jjecock24@sohu.com','2 Lukken Junction',26181.8,'2020-03-04'),(78,4,'Clyve','Dayce','Budget/Accounting Analyst IV','cdayce25@jiathis.com','0485 Loftsgordon Street',16012.2,'2019-12-08'),(79,2,'Ignazio','Papaccio','Civil Engineer','ipapaccio26@nature.com','62 Fieldstone Plaza',17729.6,'2020-02-17'),(80,3,'Lara','Vince','Librarian','lvince27@paypal.com','3 Manitowish Center',16085,'2019-06-12'),(81,5,'Susette','Victoria','Recruiter','svictoria28@blogger.com','28381 Trailsway Hill',23702.1,'2020-03-05'),(82,2,'Kurtis','Garcia','Accountant IV','kgarcia29@hubpages.com','13267 Loftsgordon Park',20901.7,'2019-08-06'),(83,8,'Flory','Exposito','Research Nurse','fexposito2a@bbb.org','663 Crowley Drive',15126,'2019-11-19'),(84,5,'Deeann','Alcoran','VP Quality Control','dalcoran2b@msu.edu','50844 Columbus Place',15181.6,'2019-10-28'),(85,7,'Gates','Brotherhed','Senior Financial Analyst','gbrotherhed2c@mit.edu','36811 Longview Alley',27084.5,'2019-10-10'),(86,6,'Johannah','Bedinn','Research Nurse','jbedinn2d@stumbleupon.com','73042 Portage Street',21351.4,'2020-03-27'),(87,5,'Gretchen','Hacking','Editor','ghacking2e@barnesandnoble.com','69 Sachs Point',17160.3,'2019-12-15'),(88,1,'Henriette','Djokovic','Graphic Designer','hdjokovic2f@wikipedia.org','358 Bartillon Road',19655.3,'2019-07-26'),(89,1,'Jamill','Pflieger','Mechanical Systems Engineer','jpflieger2g@jimdo.com','7 Steensland Way',29302.6,'2019-11-19'),(90,3,'Corella','Corsan','Business Systems Development Ana','ccorsan2h@discuz.net','03 American Ash Drive',22574.5,'2019-06-13'),(91,5,'Ham','Rollitt','Business Systems Development Ana','hrollitt2i@hao123.com','2312 Artisan Point',26829.7,'2019-07-18'),(92,6,'Lizzy','Fraczek','Clinical Specialist','lfraczek2j@diigo.com','91 Shoshone Way',25918.3,'2019-11-04'),(93,5,'Elwood','Cauldfield','Environmental Specialist','ecauldfield2k@github.io','759 Cascade Center',15821.8,'2019-04-30'),(94,1,'Cele','Farrier','Financial Advisor','cfarrier2l@yellowpages.com','8632 Birchwood Hill',20574,'2019-09-20'),(95,7,'Emylee','Fibbens','Assistant Media Planner','efibbens2m@odnoklassniki.ru','8076 Forest Dale Center',26547.8,'2020-04-20'),(96,6,'Pepi','McIan','Sales Representative','pmcian2n@icio.us','7575 Ridge Oak Junction',15279.4,'2020-01-29'),(97,2,'Becky','Stapells','Senior Sales Associate','bstapells2o@addtoany.com','53626 Dixon Way',28263.6,'2019-06-21'),(98,4,'Ernie','McCready','Structural Engineer','emccready2p@g.co','79610 Evergreen Street',21876.1,'2020-04-09'),(99,4,'Bridgette','Swinburne','Senior Editor','bswinburne2q@psu.edu','24963 Debra Terrace',20568.4,'2019-12-17'),(100,1,'Sofie','Dunstan','Assistant Media Planner','sdunstan2r@noaa.gov','2 Golf Course Point',25548.6,'2019-10-03'),(101,4,'Sid','Fenix','Registered Nurse','sfenix2s@hhs.gov','03991 Gina Lane',16914.8,'2019-06-24'),(102,5,'Dorothee','Creaney','Payment Adjustment Coordinator','dcreaney2t@behance.net','66900 Welch Avenue',28855.6,'2019-12-14'),(103,2,'Adam','Clews','Senior Editor','aclews2u@globo.com','14651 Nelson Junction',23299.7,'2020-01-01'),(104,3,'Tobe','Loveless','Editor','tloveless2v@trellian.com','1520 Cherokee Street',22506.6,'2019-05-10'),(105,8,'Mathias','Loughren','Librarian','mloughren2w@networksolutions.com','24648 Coolidge Place',20202.9,'2019-04-30'),(106,4,'Osmond','Bresner','Assistant Media Planner','obresner2x@soup.io','5 Blaine Hill',17620.3,'2019-05-17'),(107,3,'Gina','Eversley','Safety Technician II','geversley2y@howstuffworks.com','641 Manufacturers Crossing',21725,'2020-01-01'),(108,3,'Magda','Cunnow','Civil Engineer','mcunnow2z@about.me','0935 Stuart Lane',25932.7,'2019-08-28'),(109,1,'Gabi','Gatcliff','Nurse Practicioner','ggatcliff30@wikimedia.org','20 Corscot Plaza',22533.2,'2019-07-20'),(110,2,'Filmore','Brogan','Information Systems Manager','fbrogan31@baidu.com','56278 Duke Street',21532.9,'2020-04-01'),(111,1,'Aaren','Vaen','Executive Secretary','avaen32@ucoz.ru','028 Loomis Lane',29936.9,'2019-10-04'),(112,6,'Aura','Gregoli','Occupational Therapist','agregoli33@ow.ly','16 Kedzie Drive',26072,'2019-12-29'),(113,6,'Vivi','Ivanyushin','VP Sales','vivanyushin34@seattletimes.com','0293 Kenwood Center',16803.4,'2019-12-18'),(114,7,'Blondell','Clohisey','Structural Engineer','bclohisey35@yale.edu','94 Maple Park',23466.3,'2019-10-12'),(115,6,'Darcy','Lawrence','Nuclear Power Engineer','dlawrence36@archive.org','3 Carberry Circle',26974.3,'2019-08-09'),(116,8,'Laetitia','Sullens','Senior Sales Associate','lsullens37@quantcast.com','6633 Killdeer Terrace',25608.9,'2020-01-05'),(117,5,'Killy','Le Conte','Pharmacist','kleconte38@telegraph.co.uk','5 Prentice Plaza',16199.3,'2019-04-27'),(118,7,'Nola','Grigoliis','Office Assistant II','ngrigoliis39@alibaba.com','527 Sloan Way',23929.2,'2020-04-22'),(119,4,'Onida','Alexsandrovich','Developer II','oalexsandrovich3a@aboutads.info','35 Johnson Place',17770.4,'2019-07-18'),(120,2,'Camile','Puckrin','Biostatistician II','cpuckrin3b@twitter.com','0171 Debs Trail',29549.2,'2019-05-29'),(121,2,'Shanta','Winterbottom','Biostatistician II','swinterbottom3c@blogger.com','166 Golf Course Place',25377,'2020-01-19'),(122,5,'Adriana','Geipel','Administrative Assistant II','ageipel3d@constantcontact.com','4758 Haas Center',15332.2,'2019-09-30'),(123,2,'Ode','Willets','Health Coach III','owillets3e@scribd.com','5 Ryan Drive',26875.9,'2019-07-20'),(124,4,'Maria','Lukas','Financial Analyst','mlukas3f@live.com','5612 Cottonwood Drive',17991.6,'2019-10-25'),(125,4,'Ariella','Halley','Community Outreach Specialist','ahalley3g@google.it','4 Blackbird Alley',26039.9,'2020-03-24'),(126,8,'Delcine','Blazey','Payment Adjustment Coordinator','dblazey3h@wufoo.com','0414 Westend Lane',22167.2,'2019-09-03'),(127,3,'Caitlin','Emery','Engineer I','cemery3i@deliciousdays.com','583 Glacier Hill Place',28814.1,'2019-11-25'),(128,4,'Sosanna','Gillbe','VP Product Management','sgillbe3j@gravatar.com','5 Texas Point',21669.9,'2020-01-12'),(129,2,'Erwin','Searchfield','Social Worker','esearchfield3k@hud.gov','37 Schiller Way',27106.4,'2019-05-31'),(130,8,'Rodrique','Alcoran','Junior Executive','ralcoran3l@bbc.co.uk','16543 Green Trail',28764.5,'2020-04-13'),(131,4,'Fenelia','MacKintosh','Sales Representative','fmackintosh3m@npr.org','00 Dennis Circle',23819.1,'2020-02-07'),(132,2,'Vina','Dight','Nuclear Power Engineer','vdight3n@canalblog.com','8 Weeping Birch Road',15662.3,'2019-06-29'),(133,5,'Bradly','Flaunders','Internal Auditor','bflaunders3o@harvard.edu','016 Ruskin Avenue',15312.9,'2019-07-24'),(134,8,'Lusa','Garrould','Nurse Practicioner','lgarrould3p@symantec.com','4974 Emmet Junction',25564.1,'2020-01-23'),(135,8,'Ingram','Tatteshall','Human Resources Manager','itatteshall3q@redcross.org','7 Quincy Plaza',21999.4,'2020-02-20'),(136,6,'Carolina','Outlaw','Assistant Media Planner','coutlaw3r@businessinsider.com','17 High Crossing Parkway',26841.5,'2020-01-07'),(137,6,'Craggy','Foston','Database Administrator II','cfoston3s@elpais.com','783 Gateway Crossing',19307.9,'2019-08-19'),(138,6,'Muffin','Riddick','Compensation Analyst','mriddick3t@woothemes.com','2262 Rigney Plaza',24060.5,'2020-01-18'),(139,6,'Mireielle','Olrenshaw','Budget/Accounting Analyst IV','molrenshaw3u@amazon.de','26 Oxford Pass',28913.1,'2019-12-24'),(140,4,'Claudine','Stovin','Paralegal','cstovin3v@hatena.ne.jp','27 Morrow Trail',20499.7,'2019-05-24'),(141,8,'Robbert','Clamp','Community Outreach Specialist','rclamp3w@amazon.com','91 Crowley Terrace',21413.4,'2020-03-18'),(142,5,'Crissie','Bodesson','Physical Therapy Assistant','cbodesson3x@cloudflare.com','04 Sundown Center',28627.1,'2019-07-31'),(143,1,'Quintana','Knappe','Budget/Accounting Analyst IV','qknappe3y@newyorker.com','10904 Westridge Park',23614.1,'2020-04-20'),(144,6,'Kelley','Frankel','Health Coach IV','kfrankel3z@geocities.com','06 Commercial Pass',28952.7,'2020-03-19'),(145,6,'Vonnie','Benit','VP Quality Control','vbenit40@elpais.com','20397 8th Alley',24304.5,'2019-12-24'),(146,4,'Teodor','Pocklington','Geologist IV','tpocklington41@wix.com','7806 Orin Place',26291.4,'2019-08-14'),(147,7,'Silvanus','Tregaskis','Graphic Designer','stregaskis42@is.gd','97285 Dahle Park',22225.7,'2019-11-28'),(148,6,'Angele','Francillo','Technical Writer','afrancillo43@geocities.jp','7164 Pankratz Pass',24056.3,'2020-03-18'),(149,5,'Junie','Ahearne','Account Coordinator','jahearne44@kickstarter.com','2332 Dayton Pass',23790.5,'2019-06-04'),(150,6,'Leda','Jimpson','Assistant Professor','ljimpson45@answers.com','76178 Charing Cross Parkway',23437.8,'2019-09-27'),(151,6,'Nerta','Kornacki','Nurse','nkornacki46@odnoklassniki.ru','19741 Talmadge Drive',15073.4,'2019-07-30'),(152,7,'Marguerite','D\'Acth','Technical Writer','mdacth47@newyorker.com','2454 Waywood Way',22026.8,'2019-08-13'),(153,2,'Donielle','Kleinstub','Dental Hygienist','dkleinstub48@wikimedia.org','20907 Fisk Crossing',24828.6,'2019-10-07'),(154,4,'Tann','Leyzell','Accountant II','tleyzell49@mozilla.org','94 Goodland Lane',20000.1,'2019-05-20'),(155,4,'Cornela','Heber','Social Worker','cheber4a@marriott.com','1604 Judy Hill',21825.6,'2019-05-29'),(156,2,'Ulrica','Howson','Accountant II','uhowson4b@constantcontact.com','33867 Kim Way',16948.9,'2019-06-10'),(157,1,'Jasmine','Liepins','VP Accounting','jliepins4c@ted.com','2 Ilene Street',28084.8,'2020-02-25'),(158,1,'Briana','Eyree','Registered Nurse','beyree4d@cam.ac.uk','461 Express Place',17941.8,'2019-04-29'),(159,5,'Ardisj','Gossart','Community Outreach Specialist','agossart4e@google.pl','47 Johnson Terrace',23112,'2019-08-13'),(160,2,'Guendolen','Shepheard','Structural Analysis Engineer','gshepheard4f@miitbeian.gov.cn','074 2nd Drive',22034.4,'2020-02-07'),(161,6,'Serge','Kaas','VP Marketing','skaas4g@github.com','884 Brentwood Crossing',27864.3,'2019-08-30'),(162,2,'Ryann','Mayhead','Software Consultant','rmayhead4h@163.com','85 Dunning Road',15129.2,'2019-06-13'),(163,6,'Jabez','Mosdall','General Manager','jmosdall4i@uol.com.br','9 Forster Junction',21407.3,'2020-02-27'),(164,8,'Quincy','Blenkinsop','Social Worker','qblenkinsop4j@adobe.com','2315 Chinook Pass',25408,'2020-01-24'),(165,6,'Danit','Dominec','Statistician III','ddominec4k@cdbaby.com','052 Di Loreto Drive',21156.5,'2019-08-05'),(166,1,'Clarisse','Bester','Software Consultant','cbester4l@ucsd.edu','123 Waywood Park',17199.1,'2019-05-31'),(167,5,'Giana','Ducrow','Teacher','gducrow4m@123-reg.co.uk','4 Thackeray Road',20827.6,'2019-06-02'),(168,1,'Sandi','Blaza','Chemical Engineer','sblaza4n@wikia.com','59429 Homewood Junction',26976.3,'2019-11-07'),(169,2,'Cobb','Francillo','Chemical Engineer','cfrancillo4o@cloudflare.com','56 Blue Bill Park Road',27691.2,'2020-02-18'),(170,6,'Wyatan','Sizeland','Web Developer I','wsizeland4p@guardian.co.uk','21 Bobwhite Drive',15892.9,'2019-11-15'),(171,7,'Aggie','Fildes','Web Designer II','afildes4q@qq.com','231 Texas Road',19016.9,'2019-09-02'),(172,6,'Betta','Stollmeier','Actuary','bstollmeier4r@si.edu','054 Ludington Point',22338.1,'2019-06-18'),(173,5,'Glenden','McArd','Payment Adjustment Coordinator','gmcard4s@reference.com','02 Muir Terrace',25787.4,'2020-03-11'),(174,2,'Benedict','Hawkshaw','Sales Associate','bhawkshaw4t@bravesites.com','6678 Rusk Pass',28047.2,'2019-09-12'),(175,4,'Hamnet','Heisman','Occupational Therapist','hheisman4u@marriott.com','5 Kipling Circle',21266.6,'2019-07-16'),(176,2,'Kim','Hannibal','Assistant Media Planner','khannibal4v@infoseek.co.jp','881 Banding Junction',21238,'2020-03-26'),(177,2,'Hasty','O\'Scollain','Nurse Practicioner','hoscollain4w@state.gov','717 Upham Point',19540.8,'2019-12-25'),(178,5,'Elise','Dauney','Tax Accountant','edauney4x@spiegel.de','1 Hallows Center',23605,'2020-03-25'),(179,4,'Edee','Gouley','GIS Technical Architect','egouley4y@weather.com','42628 Express Court',29287.1,'2020-02-05'),(180,1,'Pren','Attack','Human Resources Assistant III','pattack4z@github.io','803 Marquette Center',28433.8,'2019-05-24'),(181,4,'Doralin','Scolding','Marketing Assistant','dscolding50@nba.com','98 Carpenter Pass',17270.7,'2019-05-19'),(182,6,'Ruby','Surguine','Research Assistant II','rsurguine51@geocities.com','69 Hazelcrest Pass',27179.1,'2020-03-03'),(183,1,'Robbie','Fronsek','Senior Quality Engineer','rfronsek52@prnewswire.com','60361 Eastlawn Place',29764.4,'2019-05-18'),(184,7,'Ara','Trenfield','Accountant IV','atrenfield53@discovery.com','40422 Loeprich Street',22843.1,'2019-10-14'),(185,8,'Nixie','Scrowby','Automation Specialist IV','nscrowby54@uol.com.br','2574 Kings Plaza',19123.3,'2019-06-13'),(186,8,'Eileen','Buney','Software Engineer II','ebuney55@liveinternet.ru','26 Namekagon Road',23742.7,'2019-10-25'),(187,7,'Jennica','Runnalls','Technical Writer','jrunnalls56@webnode.com','1 Dawn Trail',20306,'2020-03-17'),(188,3,'Claudia','Maudlin','Geological Engineer','cmaudlin57@mapy.cz','8 Esch Trail',16230.7,'2019-10-08'),(189,7,'Adelind','Tiffin','Structural Analysis Engineer','atiffin58@naver.com','1 Hagan Road',21638.3,'2019-09-15'),(190,5,'Clio','MacLure','Community Outreach Specialist','cmaclure59@arstechnica.com','70872 New Castle Alley',21364.5,'2019-05-25'),(191,3,'Darius','Vasilenko','Senior Sales Associate','dvasilenko5a@ihg.com','006 Evergreen Terrace',15220.1,'2019-06-14'),(192,4,'Dunc','Warwick','Database Administrator IV','dwarwick5b@biglobe.ne.jp','98508 Cascade Crossing',27389,'2020-03-28'),(193,1,'Lyssa','Novakovic','Occupational Therapist','lnovakovic5c@fda.gov','3 Mandrake Point',22234.4,'2019-10-13'),(194,1,'Rosalinde','Ozanne','Assistant Media Planner','rozanne5d@pcworld.com','8 Union Point',26298.8,'2019-11-11'),(195,2,'Brande','Duer','Actuary','bduer5e@networkadvertising.org','158 Oak Valley Hill',18706.6,'2019-12-15'),(196,3,'Anny','Bodocs','Marketing Assistant','abodocs5f@engadget.com','37 Pierstorff Hill',24116.3,'2019-07-23'),(197,1,'Gawain','Schonfelder','Chief Design Engineer','gschonfelder5g@baidu.com','68 Paget Terrace',27560,'2020-03-03'),(198,6,'Katee','Breton','Compensation Analyst','kbreton5h@ameblo.jp','4 Maywood Plaza',24906.8,'2019-05-24'),(199,2,'Josselyn','Bafford','Financial Analyst','jbafford5i@artisteer.com','19018 Crownhardt Avenue',17846.2,'2020-03-26'),(200,4,'Kass','McCreagh','Information Systems Manager','kmccreagh5j@businesswire.com','1930 Northwestern Drive',24458.2,'2019-09-16'),(201,7,'Marsha','Yter','Executive Secretary','myter5k@reference.com','27 Shopko Lane',25388.7,'2019-09-12'),(202,5,'Britt','Liccardo','Computer Systems Analyst I','bliccardo5l@hhs.gov','93 Cambridge Circle',24078.3,'2019-09-27'),(203,2,'Standford','Oxtarby','Nuclear Power Engineer','soxtarby5m@epa.gov','3 Melby Avenue',16019,'2019-06-29'),(204,5,'Jody','Twamley','Geologist III','jtwamley5n@cbc.ca','42281 Randy Lane',23674.3,'2019-10-26'),(205,8,'Barby','Gameson','Librarian','bgameson5o@webs.com','3078 Gale Circle',22743.4,'2019-11-14'),(206,2,'Corey','Savaage','Registered Nurse','csavaage5p@wunderground.com','5053 Burning Wood Terrace',28841.8,'2019-10-03'),(207,4,'Olympe','Burchess','Occupational Therapist','oburchess5q@wired.com','060 Dunning Place',15888.2,'2019-12-30'),(208,4,'Micheline','Stepney','Programmer Analyst II','mstepney5r@vistaprint.com','44576 Onsgard Parkway',17227.5,'2019-07-17'),(209,7,'Dyana','Petrasch','Marketing Manager','dpetrasch5s@wikimedia.org','79 Carpenter Road',26426.4,'2019-07-21'),(210,3,'Vevay','Kencott','Sales Associate','vkencott5t@cafepress.com','752 Transport Terrace',21966.4,'2019-10-25'),(211,8,'Tammi','McCome','Budget/Accounting Analyst II','tmccome5u@japanpost.jp','9177 Coleman Plaza',26911.2,'2019-11-19'),(212,4,'Tandi','Fabb','Web Developer II','tfabb5v@umich.edu','384 Homewood Court',21392.2,'2020-01-08'),(213,8,'Zonnya','Softley','Marketing Manager','zsoftley5w@vistaprint.com','06 Declaration Avenue',16772.4,'2019-08-10'),(214,1,'Krishnah','Tutin','Information Systems Manager','ktutin5x@ebay.com','60 Farwell Way',18567.7,'2019-08-30'),(215,3,'Anastasie','Cahen','Database Administrator I','acahen5y@github.com','008 Bashford Trail',20709.8,'2019-10-18'),(216,2,'Maryanna','Spaight','Web Developer III','mspaight5z@about.me','001 Dunning Drive',24440.7,'2020-04-14'),(217,5,'Fredericka','Artz','Compensation Analyst','fartz60@desdev.cn','085 Merrick Terrace',29918.1,'2019-08-22'),(218,5,'Stefa','Foakes','GIS Technical Architect','sfoakes61@economist.com','22681 Manufacturers Way',15618.3,'2020-01-17'),(219,5,'Malcolm','Gairdner','Programmer Analyst I','mgairdner62@wordpress.com','9 Troy Way',27346.5,'2019-09-17'),(220,1,'Mickie','Bierling','Technical Writer','mbierling63@spotify.com','4713 Doe Crossing Center',21532,'2020-03-09'),(221,5,'Johannes','Trebilcock','Senior Cost Accountant','jtrebilcock64@nature.com','407 Kingsford Avenue',21516.3,'2019-06-05'),(222,4,'Lucine','MacGown','Technical Writer','lmacgown65@ucoz.ru','26 Packers Street',24365.9,'2020-04-06'),(223,3,'Harriette','Heak','Civil Engineer','hheak66@google.nl','86 Florence Street',27487.4,'2020-02-17'),(224,7,'Rhody','Hefforde','Dental Hygienist','rhefforde67@phpbb.com','44068 Marcy Parkway',23189.4,'2019-12-26'),(225,2,'Gates','Ramel','Marketing Assistant','gramel68@posterous.com','2385 Doe Crossing Crossing',18780.4,'2020-01-03'),(226,2,'Hercule','Laimable','Design Engineer','hlaimable69@harvard.edu','9457 Waxwing Park',28825.5,'2020-02-02'),(227,7,'Julietta','Arne','Database Administrator II','jarne6a@hibu.com','9 Texas Alley',15657.4,'2019-09-14'),(228,8,'Lock','Ashbey','Analyst Programmer','lashbey6b@creativecommons.org','724 Upham Drive',15567.2,'2019-08-07'),(229,6,'Katuscha','Rein','Marketing Manager','krein6c@liveinternet.ru','75927 Chive Avenue',24901.1,'2019-04-28'),(230,3,'Alejandra','Jost','General Manager','ajost6d@independent.co.uk','15035 Fisk Parkway',23623.9,'2019-11-26'),(231,8,'Aleda','Hizir','Electrical Engineer','ahizir6e@elegantthemes.com','5864 Rieder Drive',19696.4,'2019-04-29'),(232,3,'Bobette','Buckles','Marketing Manager','bbuckles6f@ft.com','40 Bluejay Avenue',22325.3,'2019-05-24'),(233,6,'Melvin','Rosenauer','Chemical Engineer','mrosenauer6g@epa.gov','8488 Prairieview Terrace',25133.6,'2019-08-21'),(234,4,'Angie','Lehrian','Legal Assistant','alehrian6h@goo.ne.jp','3429 Quincy Terrace',19061.6,'2019-06-30'),(235,3,'Claudetta','Punchard','Dental Hygienist','cpunchard6i@taobao.com','0 Hoard Drive',18400.7,'2019-06-14'),(236,2,'Germain','Shinefield','Assistant Media Planner','gshinefield6j@timesonline.co.uk','24241 Monica Hill',27291.8,'2019-09-09'),(237,6,'Raffarty','Matitiaho','Nurse','rmatitiaho6k@ca.gov','08 Scott Way',23209.8,'2019-11-02'),(238,7,'Judd','Tortoishell','Software Engineer III','jtortoishell6l@noaa.gov','841 Wayridge Pass',25500.9,'2020-03-27'),(239,7,'Findlay','Burrass','Programmer III','fburrass6m@domainmarket.com','86334 Hooker Park',21982,'2020-04-01'),(240,3,'Lindsey','Parlett','Geological Engineer','lparlett6n@xrea.com','77 Stuart Plaza',29003.4,'2019-06-10'),(241,8,'Pauly','Scipsey','Marketing Manager','pscipsey6o@amazon.co.jp','80 Judy Park',29913.1,'2019-06-19'),(242,7,'Opal','Boorman','General Manager','oboorman6p@bloglines.com','85191 Mayer Park',25257.9,'2020-01-01'),(243,2,'Shannen','Durnill','Speech Pathologist','sdurnill6q@usda.gov','393 Crescent Oaks Road',18536.3,'2020-04-20'),(244,3,'Ivy','Joinson','Information Systems Manager','ijoinson6r@nifty.com','0 Hayes Road',29016.6,'2019-10-12'),(245,4,'Inglebert','Esilmon','Safety Technician III','iesilmon6s@deliciousdays.com','993 Utah Hill',23979.1,'2019-09-17'),(246,6,'Judy','Zmitrovich','Civil Engineer','jzmitrovich6t@reuters.com','7 Rigney Center',20327.4,'2019-11-06'),(247,8,'Lazaro','Morrall','Software Consultant','lmorrall6u@wix.com','18 Grasskamp Place',17460.7,'2019-06-28'),(248,3,'Adan','Gain','Professor','again6v@shareasale.com','5 Brown Way',20396.4,'2019-12-16'),(249,7,'Alyce','Cuckson','Developer I','acuckson6w@nps.gov','0059 Sage Center',20521.5,'2019-04-28'),(250,8,'Eveleen','Pearsey','Data Coordiator','epearsey6x@answers.com','7 Dixon Circle',19200,'2020-01-26'),(251,5,'Wilmer','Clash','Nuclear Power Engineer','wclash6y@state.tx.us','8 Blaine Drive',28484.2,'2019-09-04'),(252,8,'Mignonne','Humpherson','Database Administrator IV','mhumpherson6z@opensource.org','58 American Ash Crossing',26047.8,'2020-01-26'),(253,8,'Kitty','Masurel','Senior Quality Engineer','kmasurel70@simplemachines.org','28704 Charing Cross Plaza',17966.5,'2019-08-10'),(254,7,'Jerome','O\'Hagerty','Marketing Manager','johagerty71@alibaba.com','64 Homewood Hill',19616.4,'2019-07-01'),(255,2,'Viole','Kinnen','Operator','vkinnen72@prnewswire.com','828 Randy Trail',27262.3,'2020-04-15'),(256,3,'Willy','Oxenden','Project Manager','woxenden73@hexun.com','37 Heath Point',22535.9,'2020-01-28'),(257,6,'Sherwynd','Bantham','Systems Administrator II','sbantham74@so-net.ne.jp','1098 Monica Center',28736.4,'2020-02-17'),(258,2,'Jack','Richardt','Internal Auditor','jrichardt75@webs.com','81225 Johnson Avenue',20435.7,'2019-10-21'),(259,8,'Agnes','Flewan','Occupational Therapist','aflewan76@economist.com','9970 Grover Court',20151.1,'2019-08-03'),(260,7,'Germayne','Fossick','Clinical Specialist','gfossick77@state.tx.us','6 Truax Avenue',25133.1,'2020-04-06'),(261,5,'Burr','Posvner','Human Resources Manager','bposvner78@msn.com','1191 Carioca Street',17924.9,'2020-03-10'),(262,4,'Dorelia','Merryman','Editor','dmerryman79@thetimes.co.uk','406 Old Shore Center',26417.9,'2019-06-20'),(263,1,'Orly','Delap','Programmer Analyst I','odelap7a@mapquest.com','48 Corscot Street',28654.9,'2019-12-28'),(264,4,'Klarika','Sprowle','Civil Engineer','ksprowle7b@netvibes.com','320 Rigney Road',25151.2,'2020-01-01'),(265,6,'Amanda','Carlo','General Manager','acarlo7c@hostgator.com','48533 Messerschmidt Plaza',19979.3,'2019-08-30'),(266,2,'Ange','Baldwin','Pharmacist','abaldwin7d@goo.gl','9 Pennsylvania Circle',17117.3,'2019-05-23'),(267,2,'Shayne','Trood','Recruiting Manager','strood7e@kickstarter.com','9377 Mariners Cove Place',16421.8,'2019-12-01'),(268,2,'Cherise','Dulen','Biostatistician III','cdulen7f@senate.gov','19 Bobwhite Trail',18578.9,'2019-08-09'),(269,6,'Turner','Noblett','Business Systems Development Ana','tnoblett7g@google.com','3 Dapin Parkway',28927.4,'2020-02-05'),(270,3,'Ky','Ledford','Web Designer III','kledford7h@opera.com','4894 Macpherson Court',28251.4,'2019-12-15'),(271,7,'Abbie','Cuddehy','VP Product Management','acuddehy7i@baidu.com','58272 Blackbird Drive',26330.1,'2020-02-02'),(272,7,'Anatollo','Cavey','Payment Adjustment Coordinator','acavey7j@rediff.com','43 Reindahl Park',19971.3,'2019-07-05'),(273,4,'Wolfy','Turnbull','Computer Systems Analyst IV','wturnbull7k@tiny.cc','8447 Blackbird Circle',29209.4,'2019-06-24'),(274,1,'Rochella','Salmons','Software Consultant','rsalmons7l@cmu.edu','2667 Hudson Court',21121.9,'2019-06-18'),(275,4,'Karel','Powe','Project Manager','kpowe7m@g.co','6 Aberg Trail',24905.5,'2020-02-08'),(276,2,'Emmett','Roser','Electrical Engineer','eroser7n@samsung.com','9200 Sugar Center',28074.3,'2019-11-11'),(277,6,'Uri','Buxy','Analyst Programmer','ubuxy7o@goo.gl','40736 Bunker Hill Center',21546,'2019-05-19'),(278,2,'Vallie','Baudichon','Paralegal','vbaudichon7p@stumbleupon.com','29535 Laurel Court',24776.5,'2019-09-23'),(279,8,'Audi','Shawdforth','Human Resources Assistant IV','ashawdforth7q@delicious.com','2 Dovetail Hill',26345,'2019-09-15'),(280,3,'Scarlett','Carlon','Registered Nurse','scarlon7r@npr.org','6083 Spenser Way',24380.1,'2020-04-03'),(281,2,'Odell','Hayford','Research Assistant I','ohayford7s@java.com','03533 Hoard Street',18883.6,'2019-07-29'),(282,7,'Maribel','Tinsey','Safety Technician I','mtinsey7t@marriott.com','37 Eagle Crest Alley',24701.8,'2019-04-28'),(283,6,'Cross','Symes','Payment Adjustment Coordinator','csymes7u@deviantart.com','40733 Saint Paul Terrace',17365.7,'2020-03-15'),(284,2,'Audie','Kippie','Food Chemist','akippie7v@wunderground.com','47 Gateway Pass',28567.7,'2019-12-24'),(285,6,'Malchy','Seivwright','Staff Scientist','mseivwright7w@boston.com','05391 David Avenue',20035.5,'2019-11-28'),(286,8,'Avrit','Helwig','Librarian','ahelwig7x@guardian.co.uk','04803 Buhler Trail',25589.7,'2019-11-19'),(287,8,'Philip','MacPhail','Financial Advisor','pmacphail7y@liveinternet.ru','38377 Independence Plaza',16128.1,'2019-10-19'),(288,7,'Dela','Leyninye','Senior Sales Associate','dleyninye7z@loc.gov','2 Knutson Junction',22677.2,'2019-07-31'),(289,6,'Brennen','Pilfold','Programmer II','bpilfold80@goo.gl','63 Birchwood Crossing',29262.7,'2019-06-29'),(290,8,'Lovell','Sandercock','Electrical Engineer','lsandercock81@tinypic.com','59 Nobel Trail',17682.8,'2020-03-04'),(291,3,'Gale','Lovett','Compensation Analyst','glovett82@tamu.edu','94256 Golf Course Drive',15766.8,'2019-08-09'),(292,5,'Georgie','Hearons','Human Resources Manager','ghearons83@goodreads.com','20 Butterfield Plaza',27417.5,'2020-04-16'),(293,6,'Ladonnaaaa','Pillman','VP Quality Control','lpillman84@meetup.com','484 Westport Drive',25134.8,'2019-07-27'),(294,3,'Vikki','Dillingston','Recruiter','vdillingston85@cbsnews.com','25 Reindahl Plaza',27081.8,'2020-04-13'),(295,5,'Nadean','Winley','Clinical Specialist','nwinley86@dailymail.co.uk','22380 Oak Valley Court',25939.8,'2019-11-23'),(296,7,'Milli','Gwyllt','Senior Cost Accountant','mgwyllt87@vistaprint.com','97 Paget Place',29273,'2019-09-11'),(297,3,'Jennette','Gerardin','Mechanical Systems Engineer','jgerardin88@vk.com','6 Gale Hill',20576.8,'2019-05-19'),(298,7,'Alric','Hundell','Senior Sales Associate','ahundell89@dot.gov','29860 Everett Park',16723.2,'2019-11-21'),(307,5,'Jane','Doe','Accounting','janedoe@abc.com','123 Main St.',31000,'2019-11-17'),(15153,7,'John','Doe','Guest Service Representative','johndoe@comcast.net','123 Rosewood Dr.',24000,'2020-02-20'),(15154,1,'Lisa','Doe','Animal Care Taker','lisadoe@abc.com','123 Rosewood Dr.',24000,'2019-11-11');
/*!40000 ALTER TABLE `Staff` ENABLE KEYS */;
UNLOCK TABLES;

--
-- Table structure for table `Ticket_Purchase`
--

DROP TABLE IF EXISTS `Ticket_Purchase`;
/*!40101 SET @saved_cs_client     = @@character_set_client */;
/*!50503 SET character_set_client = utf8mb4 */;
CREATE TABLE `Ticket_Purchase` (
  `Transaction_ID` int(11) NOT NULL,
  `Customer_ID` int(11) NOT NULL,
  `Ticket_ID` int(11) NOT NULL AUTO_INCREMENT,
  `Price` float NOT NULL,
  `Expiration_Date` datetime NOT NULL,
  `Purchase_Date` datetime NOT NULL,
  `Is_Valid` tinyint(4) NOT NULL,
  PRIMARY KEY (`Ticket_ID`),
  UNIQUE KEY `Ticket_ID_UNIQUE` (`Ticket_ID`),
  KEY `Customer_ID_idx` (`Customer_ID`),
  CONSTRAINT `Customer_ID` FOREIGN KEY (`Customer_ID`) REFERENCES `Customer` (`Customer_ID`)
) ENGINE=InnoDB AUTO_INCREMENT=991 DEFAULT CHARSET=utf8;
/*!40101 SET character_set_client = @saved_cs_client */;

--
-- Dumping data for table `Ticket_Purchase`
--

LOCK TABLES `Ticket_Purchase` WRITE;
/*!40000 ALTER TABLE `Ticket_Purchase` DISABLE KEYS */;
INSERT INTO `Ticket_Purchase` VALUES (2,695,2,10,'2019-05-29 00:40:20','2019-05-22 00:40:20',0),(3,448,3,20,'2020-01-04 23:31:27','2019-12-28 23:31:27',0),(4,170,4,10,'2019-08-11 19:57:59','2019-08-04 19:57:59',1),(5,959,5,10,'2019-05-28 09:01:57','2019-05-21 09:01:57',1),(6,419,6,10,'2019-06-23 11:59:00','2019-06-16 11:59:00',1),(7,361,7,20,'2020-04-19 19:49:22','2020-04-12 19:49:22',1),(8,949,8,10,'2019-10-03 01:43:41','2019-09-26 01:43:41',0),(9,176,9,15,'2020-04-28 01:09:29','2020-04-21 01:09:29',0),(10,582,10,15,'2020-03-14 07:12:11','2020-03-07 07:12:11',1),(11,733,11,15,'2020-01-03 06:13:50','2019-12-27 06:13:50',0),(12,38,12,10,'2019-07-22 09:31:59','2019-07-15 09:31:59',1),(13,842,13,10,'2019-11-03 13:03:21','2019-10-27 13:03:21',0),(14,758,14,15,'2019-09-30 13:04:58','2019-09-23 13:04:58',0),(15,658,15,15,'2019-12-14 13:19:46','2019-12-07 13:19:46',0),(16,180,16,20,'2019-09-14 09:11:39','2019-09-07 09:11:39',1),(17,337,17,15,'2020-01-24 17:57:56','2020-01-17 17:57:56',1),(18,867,18,20,'2020-01-15 04:52:00','2020-01-08 04:52:00',1),(19,528,19,10,'2019-06-03 19:36:14','2019-05-27 19:36:14',0),(20,941,20,15,'2019-11-17 15:00:35','2019-11-10 15:00:35',1),(21,85,21,10,'2019-11-05 01:02:23','2019-10-29 01:02:23',0),(22,64,22,15,'2020-03-01 14:21:51','2020-02-23 14:21:51',0),(23,487,23,20,'2019-05-05 03:19:18','2019-04-28 03:19:18',1),(24,813,24,10,'2020-01-28 12:41:58','2020-01-21 12:41:58',1),(25,315,25,20,'2019-11-22 02:16:25','2019-11-15 02:16:25',1),(26,889,26,20,'2019-09-25 17:31:07','2019-09-18 17:31:07',0),(27,818,27,15,'2019-10-08 23:56:32','2019-10-01 23:56:32',1),(28,845,28,20,'2019-11-13 23:09:25','2019-11-06 23:09:25',0),(29,922,29,20,'2020-01-01 07:50:23','2019-12-25 07:50:23',0),(30,25,30,10,'2019-06-29 21:36:00','2019-06-22 21:36:00',1),(31,144,31,20,'2019-11-28 22:10:33','2019-11-21 22:10:33',0),(32,715,32,15,'2020-03-11 08:40:05','2020-03-04 08:40:05',1),(33,411,33,10,'2019-09-26 13:28:48','2019-09-19 13:28:48',1),(34,374,34,10,'2019-06-21 09:45:02','2019-06-14 09:45:02',0),(35,949,35,20,'2020-03-16 20:39:14','2020-03-09 20:39:14',0),(36,584,36,10,'2019-06-07 15:43:49','2019-05-31 15:43:49',1),(37,164,37,20,'2020-04-30 17:56:31','2020-04-23 17:56:31',0),(38,838,38,20,'2019-11-09 17:51:14','2019-11-02 17:51:14',1),(39,163,39,20,'2019-08-27 12:32:03','2019-08-20 12:32:03',0),(40,800,40,15,'2020-04-04 12:28:27','2020-03-28 12:28:27',0),(41,931,41,20,'2019-08-17 09:19:21','2019-08-10 09:19:21',1),(42,600,42,10,'2019-10-02 08:41:33','2019-09-25 08:41:33',0),(43,797,43,15,'2019-11-27 00:31:07','2019-11-20 00:31:07',1),(44,902,44,10,'2019-08-23 03:29:17','2019-08-16 03:29:17',0),(45,744,45,20,'2020-02-02 11:22:34','2020-01-26 11:22:34',1),(46,424,46,15,'2020-03-14 23:56:12','2020-03-07 23:56:12',0),(47,417,47,10,'2020-03-08 02:11:27','2020-03-01 02:11:27',0),(48,336,48,15,'2019-06-17 18:11:11','2019-06-10 18:11:11',1),(49,451,49,15,'2020-04-29 18:33:58','2020-04-22 18:33:58',1),(50,965,50,15,'2019-12-01 15:54:47','2019-11-24 15:54:47',1),(51,296,51,15,'2019-07-04 06:34:32','2019-06-27 06:34:32',1),(52,768,52,20,'2020-01-31 21:54:30','2020-01-24 21:54:30',0),(53,741,53,10,'2019-06-21 18:48:11','2019-06-14 18:48:11',1),(54,305,54,15,'2019-11-07 21:38:03','2019-10-31 21:38:03',0),(55,70,55,20,'2019-05-10 03:48:17','2019-05-03 03:48:17',0),(56,58,56,15,'2020-04-28 17:21:18','2020-04-21 17:21:18',1),(57,76,57,15,'2019-10-27 10:49:39','2019-10-20 10:49:39',1),(58,220,58,20,'2019-09-11 18:42:52','2019-09-04 18:42:52',0),(59,67,59,15,'2019-10-22 13:09:58','2019-10-15 13:09:58',1),(60,257,60,15,'2020-02-06 18:34:22','2020-01-30 18:34:22',0),(61,329,61,10,'2019-06-15 14:38:52','2019-06-08 14:38:52',0),(62,633,62,20,'2019-06-22 18:00:02','2019-06-15 18:00:02',0),(63,144,63,15,'2019-09-28 02:43:39','2019-09-21 02:43:39',0),(64,21,64,20,'2019-11-29 04:01:03','2019-11-22 04:01:03',0),(65,921,65,20,'2019-11-29 03:17:42','2019-11-22 03:17:42',0),(66,106,66,15,'2019-09-14 13:12:26','2019-09-07 13:12:26',1),(67,235,67,15,'2019-05-27 18:08:46','2019-05-20 18:08:46',1),(68,964,68,15,'2020-04-26 03:36:59','2020-04-19 03:36:59',1),(69,784,69,10,'2020-04-10 18:25:44','2020-04-03 18:25:44',1),(70,345,70,20,'2020-04-30 03:48:39','2020-04-23 03:48:39',1),(71,635,71,15,'2020-03-02 12:43:58','2020-02-24 12:43:58',1),(72,291,72,15,'2019-05-24 12:45:49','2019-05-17 12:45:49',0),(73,357,73,20,'2020-01-24 03:26:07','2020-01-17 03:26:07',1),(74,38,74,20,'2019-07-15 04:14:59','2019-07-08 04:14:59',0),(75,628,75,20,'2020-02-14 02:27:28','2020-02-07 02:27:28',0),(76,285,76,10,'2019-09-04 09:43:51','2019-08-28 09:43:51',0),(77,851,77,20,'2020-02-29 19:38:27','2020-02-22 19:38:27',1),(78,8,78,10,'2020-03-11 15:59:02','2020-03-04 15:59:02',0),(79,909,79,10,'2019-07-06 07:48:47','2019-06-29 07:48:47',1),(80,572,80,20,'2020-01-16 01:30:53','2020-01-09 01:30:53',1),(81,400,81,15,'2020-04-13 08:15:00','2020-04-06 08:15:00',0),(82,724,82,15,'2019-05-28 23:39:29','2019-05-21 23:39:29',1),(83,338,83,10,'2019-06-13 11:35:39','2019-06-06 11:35:39',1),(84,55,84,10,'2019-08-01 12:04:12','2019-07-25 12:04:12',1),(85,546,85,10,'2019-07-06 05:58:34','2019-06-29 05:58:34',1),(86,60,86,15,'2019-09-02 07:39:49','2019-08-26 07:39:49',0),(87,174,87,20,'2019-08-17 04:09:05','2019-08-10 04:09:05',0),(88,689,88,20,'2020-02-03 10:15:35','2020-01-27 10:15:35',0),(89,564,89,15,'2019-07-23 03:56:32','2019-07-16 03:56:32',0),(90,469,90,20,'2020-02-07 18:08:07','2020-01-31 18:08:07',1),(91,979,91,10,'2020-02-18 08:47:55','2020-02-11 08:47:55',1),(92,514,92,15,'2019-07-26 19:13:43','2019-07-19 19:13:43',0),(93,893,93,15,'2019-09-04 07:29:42','2019-08-28 07:29:42',0),(94,516,94,20,'2020-03-11 11:16:53','2020-03-04 11:16:53',1),(95,316,95,20,'2020-03-13 19:27:41','2020-03-06 19:27:41',1),(96,956,96,10,'2019-12-08 22:43:32','2019-12-01 22:43:32',1),(97,71,97,10,'2019-12-24 21:09:36','2019-12-17 21:09:36',0),(98,809,98,20,'2020-04-02 20:24:45','2020-03-26 20:24:45',1),(99,571,99,20,'2019-09-16 10:54:15','2019-09-09 10:54:15',1),(100,208,100,10,'2019-06-03 02:00:35','2019-05-27 02:00:35',1),(101,548,101,15,'2019-09-03 23:14:25','2019-08-27 23:14:25',1),(102,164,102,20,'2019-08-04 15:41:32','2019-07-28 15:41:32',1),(103,648,103,15,'2019-10-24 21:43:07','2019-10-17 21:43:07',1),(104,113,104,15,'2020-04-15 12:50:02','2020-04-08 12:50:02',0),(105,114,105,10,'2019-10-24 08:35:09','2019-10-17 08:35:09',0),(106,484,106,20,'2019-06-09 05:01:40','2019-06-02 05:01:40',0),(107,934,107,15,'2019-07-12 04:13:08','2019-07-05 04:13:08',0),(108,70,108,10,'2019-06-19 02:32:21','2019-06-12 02:32:21',1),(109,688,109,15,'2019-12-04 20:04:41','2019-11-27 20:04:41',0),(110,706,110,10,'2019-05-08 14:00:44','2019-05-01 14:00:44',1),(111,568,111,15,'2019-08-16 12:15:38','2019-08-09 12:15:38',0),(112,524,112,20,'2019-09-01 21:24:32','2019-08-25 21:24:32',0),(113,929,113,20,'2019-12-15 03:10:52','2019-12-08 03:10:52',0),(114,24,114,10,'2020-04-14 15:00:35','2020-04-07 15:00:35',0),(115,372,115,10,'2020-02-25 11:33:10','2020-02-18 11:33:10',0),(116,587,116,20,'2019-07-23 19:11:44','2019-07-16 19:11:44',0),(117,273,117,20,'2019-12-26 03:32:04','2019-12-19 03:32:04',1),(118,85,118,20,'2019-12-02 09:32:50','2019-11-25 09:32:50',0),(119,144,119,15,'2020-04-07 15:07:31','2020-03-31 15:07:31',0),(120,445,120,20,'2019-06-17 20:33:17','2019-06-10 20:33:17',0),(121,601,121,20,'2019-06-28 04:57:07','2019-06-21 04:57:07',1),(122,999,122,20,'2019-10-05 05:23:26','2019-09-28 05:23:26',0),(123,947,123,15,'2020-01-29 11:46:58','2020-01-22 11:46:58',1),(124,155,124,20,'2019-06-18 10:03:50','2019-06-11 10:03:50',1),(125,591,125,10,'2019-08-20 08:56:35','2019-08-13 08:56:35',0),(126,512,126,20,'2019-12-26 04:52:16','2019-12-19 04:52:16',1),(127,510,127,15,'2019-12-29 02:21:04','2019-12-22 02:21:04',0),(128,697,128,10,'2019-08-19 04:30:34','2019-08-12 04:30:34',0),(129,753,129,15,'2019-09-15 05:24:34','2019-09-08 05:24:34',0),(130,895,130,20,'2019-08-19 15:20:24','2019-08-12 15:20:24',0),(131,396,131,15,'2019-09-28 05:28:16','2019-09-21 05:28:16',1),(132,497,132,15,'2019-09-23 17:57:04','2019-09-16 17:57:04',0),(133,928,133,20,'2020-04-04 20:39:49','2020-03-28 20:39:49',0),(134,630,134,10,'2019-12-11 11:14:11','2019-12-04 11:14:11',1),(135,694,135,15,'2019-05-05 07:11:08','2019-04-28 07:11:08',0),(136,287,136,10,'2019-10-02 07:51:29','2019-09-25 07:51:29',0),(137,423,137,20,'2019-07-19 10:12:57','2019-07-12 10:12:57',1),(138,773,138,15,'2019-10-30 22:28:02','2019-10-23 22:28:02',0),(139,732,139,10,'2019-06-23 12:11:28','2019-06-16 12:11:28',0),(140,542,140,15,'2020-03-29 10:32:26','2020-03-22 10:32:26',0),(141,290,141,15,'2019-11-21 04:22:15','2019-11-14 04:22:15',0),(142,719,142,15,'2019-11-04 00:25:16','2019-10-28 00:25:16',1),(143,117,143,10,'2019-06-05 22:59:06','2019-05-29 22:59:06',0),(144,673,144,15,'2019-10-17 10:11:52','2019-10-10 10:11:52',0),(145,909,145,15,'2019-11-24 01:25:57','2019-11-17 01:25:57',0),(146,244,146,10,'2020-03-01 03:47:27','2020-02-23 03:47:27',1),(147,828,147,15,'2019-12-15 22:14:35','2019-12-08 22:14:35',1),(148,696,148,15,'2020-03-23 21:52:11','2020-03-16 21:52:11',1),(149,297,149,15,'2020-04-22 12:14:42','2020-04-15 12:14:42',0),(150,259,150,15,'2020-01-23 17:23:44','2020-01-16 17:23:44',1),(151,249,151,20,'2019-10-29 14:59:49','2019-10-22 14:59:49',0),(152,869,152,15,'2019-09-28 19:19:08','2019-09-21 19:19:08',1),(153,312,153,20,'2019-08-13 02:21:44','2019-08-06 02:21:44',0),(154,930,154,20,'2020-04-17 22:42:01','2020-04-10 22:42:01',1),(155,554,155,20,'2019-12-14 08:19:17','2019-12-07 08:19:17',1),(156,612,156,20,'2019-07-30 11:14:19','2019-07-23 11:14:19',0),(157,826,157,20,'2019-08-21 18:58:37','2019-08-14 18:58:37',1),(158,118,158,10,'2020-01-25 06:34:12','2020-01-18 06:34:12',1),(159,32,159,20,'2019-12-27 15:54:57','2019-12-20 15:54:57',1),(160,933,160,20,'2020-02-22 17:21:36','2020-02-15 17:21:36',0),(161,615,161,15,'2019-11-13 04:56:50','2019-11-06 04:56:50',0),(162,821,162,20,'2019-05-19 15:54:33','2019-05-12 15:54:33',1),(163,915,163,10,'2019-09-11 13:27:28','2019-09-04 13:27:28',0),(164,660,164,10,'2019-10-22 01:50:19','2019-10-15 01:50:19',0),(165,350,165,15,'2019-11-10 13:14:01','2019-11-03 13:14:01',0),(166,247,166,10,'2019-05-14 18:37:45','2019-05-07 18:37:45',1),(167,649,167,15,'2019-07-27 07:45:15','2019-07-20 07:45:15',1),(168,327,168,15,'2020-04-13 14:59:40','2020-04-06 14:59:40',1),(169,44,169,10,'2019-05-03 19:42:42','2019-04-26 19:42:42',1),(170,541,170,10,'2020-02-07 14:28:21','2020-01-31 14:28:21',0),(171,114,171,10,'2019-08-09 11:23:37','2019-08-02 11:23:37',1),(172,200,172,20,'2020-02-05 18:12:47','2020-01-29 18:12:47',0),(173,635,173,20,'2020-01-25 02:01:55','2020-01-18 02:01:55',1),(174,878,174,20,'2019-05-13 15:12:25','2019-05-06 15:12:25',0),(175,978,175,10,'2019-12-27 08:25:33','2019-12-20 08:25:33',1),(176,324,176,20,'2020-03-09 17:31:29','2020-03-02 17:31:29',1),(177,572,177,10,'2020-01-26 03:41:21','2020-01-19 03:41:21',1),(178,101,178,15,'2019-12-25 08:25:43','2019-12-18 08:25:43',1),(179,774,179,15,'2019-10-26 08:41:04','2019-10-19 08:41:04',1),(180,576,180,10,'2019-08-11 06:30:02','2019-08-04 06:30:02',0),(181,357,181,15,'2019-11-09 07:25:59','2019-11-02 07:25:59',1),(182,788,182,15,'2020-01-14 18:25:28','2020-01-07 18:25:28',0),(183,7,183,10,'2020-03-05 09:47:44','2020-02-27 09:47:44',1),(184,725,184,15,'2020-04-14 12:09:25','2020-04-07 12:09:25',1),(185,813,185,15,'2019-11-03 19:34:10','2019-10-27 19:34:10',0),(186,979,186,15,'2020-03-28 05:00:14','2020-03-21 05:00:14',1),(187,894,187,10,'2019-11-08 22:18:25','2019-11-01 22:18:25',0),(188,226,188,20,'2019-11-01 19:17:15','2019-10-25 19:17:15',0),(189,124,189,10,'2020-03-20 20:25:35','2020-03-13 20:25:35',1),(190,361,190,10,'2019-08-16 20:47:53','2019-08-09 20:47:53',1),(191,551,191,20,'2019-05-02 09:35:40','2019-04-25 09:35:40',0),(192,621,192,20,'2020-04-29 07:27:26','2020-04-22 07:27:26',0),(193,172,193,20,'2019-05-24 00:43:30','2019-05-17 00:43:30',1),(194,926,194,10,'2019-09-10 05:43:13','2019-09-03 05:43:13',0),(195,766,195,10,'2019-08-22 01:34:23','2019-08-15 01:34:23',1),(196,309,196,15,'2020-01-05 05:08:13','2019-12-29 05:08:13',0),(197,824,197,10,'2019-05-15 19:52:05','2019-05-08 19:52:05',1),(198,918,198,15,'2019-05-23 15:02:26','2019-05-16 15:02:26',0),(199,104,199,10,'2019-07-08 21:37:35','2019-07-01 21:37:35',0),(200,552,200,20,'2019-09-02 20:13:35','2019-08-26 20:13:35',1),(201,409,201,20,'2020-03-02 05:41:14','2020-02-24 05:41:14',0),(202,891,202,10,'2019-09-29 22:04:45','2019-09-22 22:04:45',1),(203,563,203,20,'2020-03-26 05:10:11','2020-03-19 05:10:11',1),(204,234,204,20,'2019-10-27 13:39:07','2019-10-20 13:39:07',1),(205,589,205,10,'2020-01-14 04:53:07','2020-01-07 04:53:07',0),(206,82,206,10,'2019-09-20 23:26:54','2019-09-13 23:26:54',1),(207,433,207,20,'2019-11-08 06:56:48','2019-11-01 06:56:48',0),(208,60,208,10,'2019-06-16 00:47:28','2019-06-09 00:47:28',0),(209,199,209,15,'2019-07-14 21:52:05','2019-07-07 21:52:05',0),(210,30,210,20,'2019-11-07 10:52:21','2019-10-31 10:52:21',1),(211,416,211,20,'2019-07-29 06:55:44','2019-07-22 06:55:44',1),(212,837,212,15,'2020-04-20 09:00:57','2020-04-13 09:00:57',1),(213,455,213,10,'2019-09-05 10:35:06','2019-08-29 10:35:06',1),(214,559,214,15,'2019-10-12 14:00:05','2019-10-05 14:00:05',1),(215,468,215,15,'2019-07-06 19:47:00','2019-06-29 19:47:00',1),(216,467,216,15,'2019-07-07 07:24:49','2019-06-30 07:24:49',0),(217,931,217,10,'2019-11-10 03:11:15','2019-11-03 03:11:15',1),(218,649,218,10,'2019-06-02 08:47:47','2019-05-26 08:47:47',1),(219,232,219,20,'2019-12-06 01:59:43','2019-11-29 01:59:43',0),(220,290,220,15,'2019-05-01 00:05:22','2019-04-24 00:05:22',0),(221,244,221,15,'2019-07-26 21:41:06','2019-07-19 21:41:06',0),(222,503,222,10,'2019-11-22 04:11:57','2019-11-15 04:11:57',0),(223,545,223,10,'2020-04-26 17:03:05','2020-04-19 17:03:05',1),(224,695,224,20,'2019-07-26 09:46:18','2019-07-19 09:46:18',1),(225,126,225,15,'2019-07-14 22:40:08','2019-07-07 22:40:08',0),(226,920,226,10,'2019-10-30 20:32:45','2019-10-23 20:32:45',0),(227,967,227,10,'2019-10-07 13:09:22','2019-09-30 13:09:22',0),(228,901,228,15,'2019-07-19 14:34:02','2019-07-12 14:34:02',1),(229,240,229,15,'2019-12-31 06:17:53','2019-12-24 06:17:53',1),(230,17,230,15,'2019-11-09 16:56:48','2019-11-02 16:56:48',1),(231,374,231,10,'2020-02-14 18:27:47','2020-02-07 18:27:47',1),(232,719,232,15,'2020-01-22 10:17:55','2020-01-15 10:17:55',0),(233,287,233,20,'2020-04-14 23:57:44','2020-04-07 23:57:44',1),(234,359,234,15,'2019-05-13 19:35:09','2019-05-06 19:35:09',0),(235,119,235,15,'2019-05-18 01:51:30','2019-05-11 01:51:30',1),(236,104,236,15,'2020-01-10 08:47:00','2020-01-03 08:47:00',1),(237,652,237,15,'2019-08-15 05:01:09','2019-08-08 05:01:09',0),(238,894,238,20,'2020-03-01 11:15:13','2020-02-23 11:15:13',0),(239,310,239,20,'2019-07-25 04:57:08','2019-07-18 04:57:08',0),(240,899,240,15,'2020-01-23 18:21:45','2020-01-16 18:21:45',0),(241,682,241,10,'2019-10-30 11:47:06','2019-10-23 11:47:06',0),(242,966,242,15,'2019-05-16 23:40:22','2019-05-09 23:40:22',0),(243,295,243,10,'2020-03-09 21:25:01','2020-03-02 21:25:01',1),(244,695,244,15,'2020-04-24 18:11:38','2020-04-17 18:11:38',0),(245,331,245,20,'2019-09-11 12:45:15','2019-09-04 12:45:15',0),(246,903,246,10,'2020-03-29 14:17:44','2020-03-22 14:17:44',0),(247,556,247,20,'2019-05-09 08:52:17','2019-05-02 08:52:17',0),(248,189,248,10,'2019-10-10 10:54:46','2019-10-03 10:54:46',1),(249,177,249,20,'2020-01-11 01:27:40','2020-01-04 01:27:40',1),(250,772,250,10,'2020-01-29 02:01:05','2020-01-22 02:01:05',0),(251,1000,251,20,'2020-02-25 23:55:06','2020-02-18 23:55:06',1),(252,520,252,15,'2019-08-28 02:35:56','2019-08-21 02:35:56',0),(253,513,253,20,'2019-11-03 07:15:21','2019-10-27 07:15:21',1),(254,121,254,15,'2019-08-20 10:23:43','2019-08-13 10:23:43',1),(255,915,255,20,'2019-09-28 09:27:19','2019-09-21 09:27:19',0),(256,132,256,15,'2019-06-05 20:34:17','2019-05-29 20:34:17',1),(257,272,257,15,'2019-12-03 08:00:55','2019-11-26 08:00:55',0),(258,457,258,20,'2019-11-12 12:08:18','2019-11-05 12:08:18',1),(259,165,259,10,'2019-09-29 14:55:16','2019-09-22 14:55:16',1),(260,735,260,15,'2019-11-17 04:57:39','2019-11-10 04:57:39',0),(261,689,261,20,'2019-09-13 21:53:17','2019-09-06 21:53:17',0),(262,733,262,20,'2020-04-04 18:14:14','2020-03-28 18:14:14',0),(263,521,263,10,'2020-03-15 20:35:14','2020-03-08 20:35:14',1),(264,526,264,20,'2019-10-08 07:54:43','2019-10-01 07:54:43',0),(265,38,265,10,'2020-03-06 16:57:40','2020-02-28 16:57:40',0),(266,606,266,10,'2019-06-11 13:03:29','2019-06-04 13:03:29',0),(267,914,267,15,'2019-07-15 05:50:02','2019-07-08 05:50:02',1),(268,522,268,20,'2019-05-06 22:46:04','2019-04-29 22:46:04',1),(269,741,269,15,'2019-10-04 01:21:55','2019-09-27 01:21:55',0),(270,145,270,15,'2020-03-07 10:57:00','2020-02-29 10:57:00',1),(271,963,271,10,'2020-03-24 17:23:31','2020-03-17 17:23:31',0),(272,117,272,15,'2019-08-15 23:22:32','2019-08-08 23:22:32',1),(273,556,273,10,'2019-12-01 14:24:59','2019-11-24 14:24:59',0),(274,597,274,10,'2019-10-10 00:38:55','2019-10-03 00:38:55',0),(275,203,275,10,'2020-02-22 08:56:39','2020-02-15 08:56:39',1),(276,381,276,10,'2019-08-23 10:13:51','2019-08-16 10:13:51',1),(277,702,277,15,'2020-04-11 15:36:21','2020-04-04 15:36:21',0),(278,226,278,10,'2020-02-15 00:59:46','2020-02-08 00:59:46',0),(279,216,279,20,'2019-07-02 20:39:25','2019-06-25 20:39:25',0),(280,127,280,15,'2020-03-01 19:28:21','2020-02-23 19:28:21',0),(281,233,281,15,'2020-01-19 18:55:39','2020-01-12 18:55:39',1),(282,967,282,15,'2020-04-29 05:52:07','2020-04-22 05:52:07',0),(283,611,283,15,'2020-01-05 13:50:37','2019-12-29 13:50:37',1),(284,567,284,15,'2019-12-28 17:26:15','2019-12-21 17:26:15',1),(285,804,285,15,'2019-06-16 00:46:10','2019-06-09 00:46:10',0),(286,711,286,10,'2019-12-13 16:58:12','2019-12-06 16:58:12',0),(287,343,287,10,'2019-11-17 03:15:12','2019-11-10 03:15:12',1),(288,612,288,10,'2020-03-13 23:29:20','2020-03-06 23:29:20',1),(289,380,289,15,'2020-04-16 12:10:05','2020-04-09 12:10:05',1),(290,312,290,10,'2019-12-10 19:14:46','2019-12-03 19:14:46',1),(291,362,291,20,'2019-12-06 23:27:37','2019-11-29 23:27:37',1),(292,387,292,10,'2019-08-02 01:10:46','2019-07-26 01:10:46',1),(293,650,293,15,'2019-05-22 19:29:01','2019-05-15 19:29:01',1),(294,974,294,20,'2019-10-25 02:36:22','2019-10-18 02:36:22',1),(295,133,295,10,'2020-03-09 22:03:21','2020-03-02 22:03:21',1),(296,551,296,15,'2019-08-23 09:22:31','2019-08-16 09:22:31',0),(297,430,297,20,'2019-07-03 17:31:21','2019-06-26 17:31:21',1),(298,237,298,20,'2020-01-08 17:15:09','2020-01-01 17:15:09',1),(299,233,299,10,'2019-08-21 23:59:54','2019-08-14 23:59:54',0),(300,301,300,20,'2019-06-09 16:42:06','2019-06-02 16:42:06',1),(301,387,301,10,'2019-07-14 15:36:23','2019-07-07 15:36:23',0),(302,368,302,10,'2019-09-19 18:01:28','2019-09-12 18:01:28',1),(303,795,303,10,'2020-03-04 07:25:25','2020-02-26 07:25:25',1),(304,244,304,15,'2020-03-06 10:00:06','2020-02-28 10:00:06',1),(305,338,305,20,'2019-12-27 06:44:45','2019-12-20 06:44:45',1),(306,226,306,20,'2019-10-24 19:00:37','2019-10-17 19:00:37',0),(307,691,307,20,'2020-02-20 01:16:03','2020-02-13 01:16:03',1),(308,416,308,10,'2019-08-05 21:39:03','2019-07-29 21:39:03',0),(309,764,309,10,'2019-09-06 13:22:33','2019-08-30 13:22:33',0),(310,526,310,15,'2020-03-09 02:36:05','2020-03-02 02:36:05',1),(311,261,311,10,'2019-10-04 14:20:39','2019-09-27 14:20:39',1),(312,639,312,20,'2019-08-20 22:46:45','2019-08-13 22:46:45',0),(313,282,313,20,'2019-10-23 05:54:51','2019-10-16 05:54:51',0),(314,705,314,20,'2019-07-12 00:33:15','2019-07-05 00:33:15',1),(315,927,315,20,'2019-11-01 00:46:05','2019-10-25 00:46:05',1),(316,705,316,10,'2019-07-15 02:41:35','2019-07-08 02:41:35',1),(317,804,317,20,'2020-02-24 05:50:34','2020-02-17 05:50:34',1),(318,791,318,15,'2020-01-23 20:36:43','2020-01-16 20:36:43',0),(319,887,319,10,'2019-10-26 08:27:59','2019-10-19 08:27:59',1),(320,541,320,15,'2019-10-06 15:03:12','2019-09-29 15:03:12',0),(321,604,321,15,'2019-06-20 07:59:32','2019-06-13 07:59:32',1),(322,550,322,10,'2020-04-06 03:34:34','2020-03-30 03:34:34',1),(323,428,323,20,'2019-09-27 06:03:29','2019-09-20 06:03:29',1),(324,442,324,15,'2020-03-26 17:41:27','2020-03-19 17:41:27',1),(325,179,325,10,'2019-07-26 01:50:01','2019-07-19 01:50:01',1),(326,962,326,10,'2020-01-27 16:16:03','2020-01-20 16:16:03',1),(327,735,327,15,'2019-12-04 22:29:56','2019-11-27 22:29:56',1),(328,451,328,10,'2019-05-01 00:38:57','2019-04-24 00:38:57',1),(329,105,329,20,'2019-05-03 21:50:15','2019-04-26 21:50:15',1),(330,716,330,15,'2019-05-06 19:35:56','2019-04-29 19:35:56',1),(331,274,331,15,'2020-03-04 10:43:21','2020-02-26 10:43:21',0),(332,843,332,15,'2020-02-08 19:56:28','2020-02-01 19:56:28',1),(333,739,333,20,'2019-07-12 03:25:57','2019-07-05 03:25:57',1),(334,890,334,10,'2020-02-28 10:01:35','2020-02-21 10:01:35',0),(335,316,335,20,'2019-12-11 05:54:19','2019-12-04 05:54:19',0),(336,710,336,15,'2019-09-08 09:07:12','2019-09-01 09:07:12',1),(337,810,337,10,'2019-12-29 19:43:34','2019-12-22 19:43:34',1),(338,305,338,10,'2020-01-13 09:56:03','2020-01-06 09:56:03',0),(339,884,339,10,'2019-06-28 10:55:51','2019-06-21 10:55:51',0),(340,369,340,10,'2019-11-26 14:19:14','2019-11-19 14:19:14',0),(341,930,341,20,'2019-08-12 22:44:41','2019-08-05 22:44:41',1),(342,28,342,10,'2019-06-28 12:37:38','2019-06-21 12:37:38',0),(343,814,343,10,'2020-02-07 11:45:02','2020-01-31 11:45:02',1),(344,885,344,20,'2019-07-27 01:25:32','2019-07-20 01:25:32',1),(345,287,345,10,'2019-08-25 21:56:29','2019-08-18 21:56:29',0),(346,245,346,15,'2020-01-17 14:13:58','2020-01-10 14:13:58',1),(347,17,347,15,'2019-12-25 13:32:31','2019-12-18 13:32:31',0),(348,751,348,15,'2019-11-07 22:56:27','2019-10-31 22:56:27',0),(349,318,349,20,'2020-03-03 01:39:07','2020-02-25 01:39:07',1),(350,138,350,10,'2019-08-02 21:18:43','2019-07-26 21:18:43',0),(351,774,351,10,'2020-02-13 16:42:47','2020-02-06 16:42:47',1),(352,878,352,15,'2020-02-21 02:47:50','2020-02-14 02:47:50',1),(353,299,353,20,'2019-11-29 09:49:02','2019-11-22 09:49:02',0),(354,25,354,15,'2019-07-15 13:11:24','2019-07-08 13:11:24',0),(355,427,355,15,'2019-09-04 07:21:15','2019-08-28 07:21:15',0),(356,996,356,20,'2020-04-28 04:43:38','2020-04-21 04:43:38',1),(357,543,357,20,'2019-11-04 10:01:20','2019-10-28 10:01:20',0),(358,848,358,20,'2019-08-17 12:04:37','2019-08-10 12:04:37',1),(359,537,359,15,'2019-07-02 20:52:55','2019-06-25 20:52:55',1),(360,9,360,15,'2019-07-21 18:03:23','2019-07-14 18:03:23',1),(361,862,361,10,'2020-03-21 12:51:40','2020-03-14 12:51:40',0),(362,857,362,10,'2019-08-21 00:37:41','2019-08-14 00:37:41',1),(363,733,363,10,'2019-05-19 16:22:33','2019-05-12 16:22:33',0),(364,634,364,10,'2019-12-26 04:09:43','2019-12-19 04:09:43',1),(365,734,365,20,'2020-04-30 22:21:22','2020-04-23 22:21:22',0),(366,1000,366,20,'2019-05-13 10:40:17','2019-05-06 10:40:17',0),(367,717,367,20,'2019-11-24 05:46:36','2019-11-17 05:46:36',1),(368,513,368,10,'2020-03-01 14:55:54','2020-02-23 14:55:54',0),(369,965,369,20,'2019-10-16 01:17:11','2019-10-09 01:17:11',1),(370,555,370,20,'2019-09-20 23:41:01','2019-09-13 23:41:01',1),(371,322,371,15,'2019-10-05 05:31:20','2019-09-28 05:31:20',1),(372,252,372,20,'2020-03-13 17:36:22','2020-03-06 17:36:22',0),(373,854,373,20,'2019-09-03 07:28:23','2019-08-27 07:28:23',1),(374,346,374,20,'2019-06-13 02:11:14','2019-06-06 02:11:14',1),(375,963,375,15,'2019-11-07 10:13:28','2019-10-31 10:13:28',1),(376,581,376,10,'2019-12-17 13:17:09','2019-12-10 13:17:09',1),(377,621,377,15,'2019-12-19 01:39:20','2019-12-12 01:39:20',1),(378,529,378,10,'2020-03-16 16:18:59','2020-03-09 16:18:59',1),(379,345,379,10,'2019-10-05 21:03:44','2019-09-28 21:03:44',0),(380,137,380,10,'2019-11-10 03:50:25','2019-11-03 03:50:25',0),(381,64,381,10,'2019-12-23 03:05:33','2019-12-16 03:05:33',1),(382,754,382,15,'2019-11-05 14:09:14','2019-10-29 14:09:14',1),(383,871,383,15,'2020-02-18 23:27:10','2020-02-11 23:27:10',1),(384,833,384,10,'2019-07-25 10:21:53','2019-07-18 10:21:53',0),(385,928,385,20,'2020-02-27 15:55:49','2020-02-20 15:55:49',0),(386,893,386,15,'2019-09-20 10:38:19','2019-09-13 10:38:19',0),(387,385,387,15,'2019-07-09 15:40:27','2019-07-02 15:40:27',0),(388,796,388,10,'2020-02-06 18:58:08','2020-01-30 18:58:08',0),(389,970,389,20,'2019-05-10 19:54:22','2019-05-03 19:54:22',1),(390,408,390,10,'2019-05-11 00:57:36','2019-05-04 00:57:36',0),(391,961,391,15,'2019-11-08 00:46:27','2019-11-01 00:46:27',0),(392,485,392,20,'2019-09-18 07:57:43','2019-09-11 07:57:43',1),(393,18,393,10,'2019-05-07 18:17:09','2019-04-30 18:17:09',0),(394,626,394,10,'2019-05-27 22:11:11','2019-05-20 22:11:11',1),(395,200,395,20,'2019-10-13 01:11:18','2019-10-06 01:11:18',0),(396,65,396,20,'2020-03-06 10:48:25','2020-02-28 10:48:25',0),(397,386,397,20,'2019-09-03 13:26:05','2019-08-27 13:26:05',0),(398,445,398,20,'2020-04-27 23:14:01','2020-04-20 23:14:01',0),(399,725,399,20,'2020-03-16 20:26:23','2020-03-09 20:26:23',1),(400,148,400,10,'2019-07-25 07:44:39','2019-07-18 07:44:39',0),(401,862,401,20,'2019-07-06 22:10:48','2019-06-29 22:10:48',1),(402,738,402,15,'2019-05-04 10:06:26','2019-04-27 10:06:26',1),(403,913,403,10,'2019-07-31 22:42:29','2019-07-24 22:42:29',0),(404,623,404,10,'2020-03-30 14:31:03','2020-03-23 14:31:03',1),(405,29,405,15,'2020-04-22 20:51:56','2020-04-15 20:51:56',0),(406,153,406,15,'2019-10-09 16:41:54','2019-10-02 16:41:54',1),(407,653,407,10,'2019-12-09 18:30:17','2019-12-02 18:30:17',0),(408,834,408,15,'2019-09-30 18:26:50','2019-09-23 18:26:50',0),(409,815,409,20,'2019-12-17 11:22:07','2019-12-10 11:22:07',0),(410,463,410,15,'2019-10-31 23:40:01','2019-10-24 23:40:01',1),(411,743,411,10,'2019-09-08 22:21:19','2019-09-01 22:21:19',0),(412,867,412,10,'2020-02-11 04:46:17','2020-02-04 04:46:17',1),(413,399,413,10,'2020-03-27 13:55:18','2020-03-20 13:55:18',1),(414,83,414,20,'2019-10-19 18:10:50','2019-10-12 18:10:50',0),(415,535,415,15,'2020-04-25 00:36:51','2020-04-18 00:36:51',0),(416,842,416,20,'2020-03-13 05:23:42','2020-03-06 05:23:42',0),(417,266,417,10,'2020-04-27 09:16:00','2020-04-20 09:16:00',0),(418,295,418,20,'2019-08-03 23:40:09','2019-07-27 23:40:09',1),(419,297,419,15,'2020-04-21 17:30:10','2020-04-14 17:30:10',1),(420,500,420,15,'2019-09-17 09:26:21','2019-09-10 09:26:21',0),(421,936,421,15,'2019-11-06 13:24:57','2019-10-30 13:24:57',1),(422,375,422,20,'2019-12-03 16:01:01','2019-11-26 16:01:01',1),(423,115,423,10,'2019-12-20 10:00:22','2019-12-13 10:00:22',0),(424,835,424,10,'2019-12-21 23:28:42','2019-12-14 23:28:42',0),(425,777,425,10,'2020-02-14 20:18:36','2020-02-07 20:18:36',1),(426,132,426,15,'2019-11-13 04:13:02','2019-11-06 04:13:02',1),(427,465,427,20,'2019-09-22 14:05:05','2019-09-15 14:05:05',0),(428,400,428,15,'2020-03-29 20:01:56','2020-03-22 20:01:56',0),(429,780,429,20,'2019-05-22 06:59:51','2019-05-15 06:59:51',0),(430,528,430,10,'2019-06-23 13:57:21','2019-06-16 13:57:21',0),(431,782,431,20,'2020-01-01 22:04:34','2019-12-25 22:04:34',0),(432,861,432,20,'2020-04-27 01:35:32','2020-04-20 01:35:32',1),(433,224,433,15,'2020-04-13 07:55:43','2020-04-06 07:55:43',1),(434,515,434,10,'2020-02-23 02:52:02','2020-02-16 02:52:02',0),(435,770,435,20,'2019-10-18 01:00:19','2019-10-11 01:00:19',1),(436,492,436,15,'2019-06-21 03:20:11','2019-06-14 03:20:11',0),(437,951,437,10,'2019-10-18 05:13:12','2019-10-11 05:13:12',1),(438,342,438,15,'2020-02-25 12:17:58','2020-02-18 12:17:58',0),(439,5,439,20,'2019-06-28 07:31:52','2019-06-21 07:31:52',1),(440,405,440,15,'2019-05-15 13:03:24','2019-05-08 13:03:24',0),(441,208,441,20,'2019-09-22 14:49:48','2019-09-15 14:49:48',0),(442,727,442,15,'2019-12-31 10:11:06','2019-12-24 10:11:06',1),(443,906,443,15,'2019-09-27 05:37:31','2019-09-20 05:37:31',1),(444,388,444,20,'2019-09-13 12:37:30','2019-09-06 12:37:30',1),(445,394,445,20,'2020-02-21 18:19:50','2020-02-14 18:19:50',0),(446,309,446,20,'2019-09-03 02:31:47','2019-08-27 02:31:47',0),(447,104,447,10,'2019-10-20 05:11:06','2019-10-13 05:11:06',0),(448,256,448,15,'2020-04-02 09:23:04','2020-03-26 09:23:04',1),(449,75,449,15,'2019-10-25 12:20:24','2019-10-18 12:20:24',0),(450,392,450,15,'2019-09-02 21:35:34','2019-08-26 21:35:34',1),(451,857,451,15,'2020-02-09 22:48:28','2020-02-02 22:48:28',1),(452,121,452,10,'2019-09-29 18:23:13','2019-09-22 18:23:13',1),(453,116,453,10,'2020-03-15 03:18:27','2020-03-08 03:18:27',0),(454,893,454,15,'2019-11-02 12:00:14','2019-10-26 12:00:14',1),(455,883,455,20,'2019-06-07 21:40:59','2019-05-31 21:40:59',1),(456,471,456,10,'2020-01-15 19:19:45','2020-01-08 19:19:45',1),(457,280,457,10,'2019-10-23 01:19:29','2019-10-16 01:19:29',1),(458,245,458,20,'2019-07-23 16:52:28','2019-07-16 16:52:28',0),(459,989,459,20,'2019-05-21 17:34:22','2019-05-14 17:34:22',1),(460,7,460,20,'2019-10-01 22:23:36','2019-09-24 22:23:36',0),(461,754,461,10,'2020-01-17 07:16:25','2020-01-10 07:16:25',0),(462,356,462,20,'2020-02-22 16:38:52','2020-02-15 16:38:52',1),(463,737,463,10,'2020-04-20 21:10:45','2020-04-13 21:10:45',1),(464,649,464,20,'2019-11-15 01:18:16','2019-11-08 01:18:16',0),(465,528,465,20,'2019-06-26 21:39:44','2019-06-19 21:39:44',1),(466,85,466,15,'2019-12-01 11:27:59','2019-11-24 11:27:59',1),(467,915,467,10,'2019-09-07 12:41:44','2019-08-31 12:41:44',0),(468,476,468,10,'2019-12-01 18:02:31','2019-11-24 18:02:31',0),(469,316,469,10,'2019-06-11 16:32:46','2019-06-04 16:32:46',1),(470,805,470,15,'2019-08-02 06:53:58','2019-07-26 06:53:58',1),(471,735,471,10,'2019-06-24 03:18:03','2019-06-17 03:18:03',1),(472,634,472,15,'2019-12-09 03:34:07','2019-12-02 03:34:07',1),(473,108,473,15,'2019-07-12 08:35:48','2019-07-05 08:35:48',0),(474,644,474,20,'2019-11-03 09:01:09','2019-10-27 09:01:09',1),(475,584,475,20,'2020-02-26 01:46:04','2020-02-19 01:46:04',0),(476,731,476,20,'2019-08-25 01:15:27','2019-08-18 01:15:27',1),(477,931,477,10,'2020-02-28 11:12:36','2020-02-21 11:12:36',1),(478,572,478,10,'2019-05-08 16:51:10','2019-05-01 16:51:10',0),(479,340,479,10,'2019-07-26 12:15:02','2019-07-19 12:15:02',1),(480,352,480,10,'2019-07-03 22:55:33','2019-06-26 22:55:33',0),(481,455,481,20,'2019-05-27 15:21:41','2019-05-20 15:21:41',0),(482,373,482,10,'2019-10-04 19:05:53','2019-09-27 19:05:53',0),(483,363,483,10,'2019-08-26 15:01:30','2019-08-19 15:01:30',1),(484,274,484,15,'2019-05-02 01:42:57','2019-04-25 01:42:57',0),(485,408,485,15,'2020-01-04 10:40:08','2019-12-28 10:40:08',1),(486,433,486,15,'2020-03-15 14:05:18','2020-03-08 14:05:18',1),(487,130,487,10,'2020-04-20 15:47:43','2020-04-13 15:47:43',1),(488,791,488,15,'2019-05-29 04:36:27','2019-05-22 04:36:27',0),(489,725,489,10,'2020-04-15 11:23:18','2020-04-08 11:23:18',1),(490,340,490,20,'2020-03-13 06:44:46','2020-03-06 06:44:46',0),(491,230,491,20,'2020-04-28 09:38:11','2020-04-21 09:38:11',1),(492,344,492,15,'2019-07-21 10:51:59','2019-07-14 10:51:59',1),(493,620,493,15,'2020-02-24 19:58:42','2020-02-17 19:58:42',0),(494,935,494,15,'2020-02-05 10:00:28','2020-01-29 10:00:28',1),(495,438,495,15,'2019-08-15 07:40:23','2019-08-08 07:40:23',0),(496,142,496,20,'2019-06-17 07:50:34','2019-06-10 07:50:34',1),(497,255,497,10,'2019-09-07 14:20:52','2019-08-31 14:20:52',1),(498,910,498,10,'2020-03-17 16:16:13','2020-03-10 16:16:13',0),(499,284,499,20,'2019-09-01 16:16:18','2019-08-25 16:16:18',1),(500,222,500,20,'2019-05-27 17:06:44','2019-05-20 17:06:44',1),(501,535,501,15,'2019-07-07 22:02:07','2019-06-30 22:02:07',1),(502,721,502,10,'2019-09-27 16:22:47','2019-09-20 16:22:47',0),(503,530,503,15,'2020-01-13 13:32:33','2020-01-06 13:32:33',1),(504,645,504,20,'2019-08-06 23:21:46','2019-07-30 23:21:46',0),(505,986,505,15,'2019-07-18 22:37:40','2019-07-11 22:37:40',0),(506,1000,506,10,'2019-10-29 23:32:15','2019-10-22 23:32:15',1),(507,687,507,10,'2019-09-25 18:35:05','2019-09-18 18:35:05',0),(508,918,508,20,'2019-07-05 06:52:53','2019-06-28 06:52:53',1),(509,773,509,10,'2019-08-08 17:40:30','2019-08-01 17:40:30',1),(510,499,510,20,'2020-03-03 22:11:07','2020-02-25 22:11:07',0),(511,264,511,15,'2019-05-16 17:18:59','2019-05-09 17:18:59',0),(512,23,512,10,'2019-07-02 01:16:25','2019-06-25 01:16:25',1),(513,577,513,15,'2019-09-11 21:06:22','2019-09-04 21:06:22',1),(514,570,514,15,'2019-08-09 16:21:26','2019-08-02 16:21:26',1),(515,935,515,20,'2019-11-10 13:54:13','2019-11-03 13:54:13',0),(516,582,516,10,'2019-05-16 09:31:07','2019-05-09 09:31:07',0),(517,15,517,20,'2019-11-09 11:40:34','2019-11-02 11:40:34',0),(518,445,518,15,'2019-09-07 14:46:46','2019-08-31 14:46:46',0),(519,112,519,10,'2020-04-15 21:19:21','2020-04-08 21:19:21',1),(520,776,520,15,'2019-06-30 05:05:40','2019-06-23 05:05:40',1),(521,415,521,10,'2019-07-27 22:46:46','2019-07-20 22:46:46',0),(522,361,522,15,'2020-01-04 12:55:35','2019-12-28 12:55:35',1),(523,146,523,15,'2019-06-22 05:49:43','2019-06-15 05:49:43',0),(524,376,524,10,'2019-11-13 13:35:13','2019-11-06 13:35:13',1),(525,645,525,20,'2019-12-24 20:53:06','2019-12-17 20:53:06',0),(526,585,526,10,'2019-12-31 01:45:31','2019-12-24 01:45:31',1),(527,640,527,20,'2020-04-19 17:29:31','2020-04-12 17:29:31',0),(528,510,528,20,'2019-12-15 10:59:45','2019-12-08 10:59:45',1),(529,504,529,20,'2019-09-16 09:10:37','2019-09-09 09:10:37',1),(530,424,530,15,'2019-09-23 06:25:46','2019-09-16 06:25:46',0),(531,254,531,10,'2019-10-12 13:10:51','2019-10-05 13:10:51',1),(532,69,532,20,'2019-07-09 18:06:58','2019-07-02 18:06:58',1),(533,321,533,10,'2019-08-26 09:36:47','2019-08-19 09:36:47',0),(534,457,534,20,'2020-04-11 10:52:12','2020-04-04 10:52:12',0),(535,539,535,20,'2020-04-15 07:45:21','2020-04-08 07:45:21',1),(536,911,536,20,'2019-08-22 02:50:47','2019-08-15 02:50:47',0),(537,401,537,20,'2019-06-02 01:37:39','2019-05-26 01:37:39',0),(538,614,538,10,'2019-05-31 06:28:54','2019-05-24 06:28:54',1),(539,253,539,10,'2019-12-01 08:02:25','2019-11-24 08:02:25',0),(540,189,540,15,'2019-11-06 11:59:14','2019-10-30 11:59:14',0),(541,247,541,10,'2019-09-19 08:20:39','2019-09-12 08:20:39',1),(542,715,542,10,'2019-05-16 15:47:08','2019-05-09 15:47:08',1),(543,260,543,15,'2019-12-23 03:09:12','2019-12-16 03:09:12',1),(544,363,544,10,'2019-10-20 18:39:12','2019-10-13 18:39:12',1),(545,515,545,10,'2019-05-27 09:51:44','2019-05-20 09:51:44',1),(546,575,546,15,'2020-04-03 08:37:49','2020-03-27 08:37:49',0),(547,224,547,20,'2019-12-22 12:36:57','2019-12-15 12:36:57',1),(548,876,548,15,'2019-10-05 20:05:09','2019-09-28 20:05:09',1),(549,291,549,10,'2019-12-14 13:47:41','2019-12-07 13:47:41',1),(550,791,550,10,'2019-12-09 13:48:16','2019-12-02 13:48:16',0),(551,25,551,20,'2020-04-27 16:17:44','2020-04-20 16:17:44',0),(552,642,552,10,'2019-10-08 05:08:35','2019-10-01 05:08:35',1),(553,419,553,15,'2020-02-27 22:23:52','2020-02-20 22:23:52',1),(554,210,554,15,'2019-07-18 10:49:13','2019-07-11 10:49:13',0),(555,934,555,20,'2020-01-02 07:44:09','2019-12-26 07:44:09',0),(556,890,556,20,'2019-12-26 12:57:50','2019-12-19 12:57:50',1),(557,776,557,15,'2019-09-20 05:50:28','2019-09-13 05:50:28',0),(558,25,558,10,'2019-08-28 05:59:13','2019-08-21 05:59:13',1),(559,788,559,10,'2020-02-18 17:07:13','2020-02-11 17:07:13',1),(560,998,560,10,'2019-08-26 10:40:59','2019-08-19 10:40:59',1),(561,579,561,10,'2019-10-01 08:59:05','2019-09-24 08:59:05',1),(562,532,562,10,'2019-10-10 11:22:29','2019-10-03 11:22:29',0),(563,680,563,20,'2020-02-02 03:32:26','2020-01-26 03:32:26',0),(564,679,564,10,'2020-02-13 15:40:51','2020-02-06 15:40:51',0),(565,214,565,10,'2019-10-01 17:38:43','2019-09-24 17:38:43',0),(566,716,566,10,'2019-06-06 19:50:40','2019-05-30 19:50:40',1),(567,919,567,10,'2020-02-23 00:55:43','2020-02-16 00:55:43',1),(568,795,568,20,'2020-03-16 17:01:12','2020-03-09 17:01:12',0),(569,675,569,10,'2019-09-24 07:33:39','2019-09-17 07:33:39',1),(570,807,570,20,'2020-04-12 00:48:14','2020-04-05 00:48:14',1),(571,547,571,10,'2019-06-23 09:30:00','2019-06-16 09:30:00',0),(572,901,572,20,'2019-05-06 10:49:53','2019-04-29 10:49:53',0),(573,937,573,10,'2020-02-08 16:52:38','2020-02-01 16:52:38',1),(574,449,574,15,'2019-07-18 06:33:38','2019-07-11 06:33:38',1),(575,108,575,15,'2020-04-06 17:46:48','2020-03-30 17:46:48',1),(576,197,576,15,'2020-03-19 22:06:17','2020-03-12 22:06:17',0),(577,254,577,10,'2019-11-09 09:32:51','2019-11-02 09:32:51',1),(578,167,578,10,'2019-06-21 00:38:55','2019-06-14 00:38:55',0),(579,709,579,15,'2019-05-23 05:17:54','2019-05-16 05:17:54',1),(580,32,580,15,'2019-05-29 17:46:01','2019-05-22 17:46:01',0),(581,490,581,10,'2019-07-03 05:11:19','2019-06-26 05:11:19',1),(582,834,582,20,'2019-11-19 19:39:39','2019-11-12 19:39:39',0),(583,150,583,10,'2020-01-19 23:29:49','2020-01-12 23:29:49',0),(584,899,584,10,'2019-11-04 08:40:07','2019-10-28 08:40:07',0),(585,572,585,20,'2020-03-04 02:37:20','2020-02-26 02:37:20',1),(586,699,586,10,'2019-07-22 23:48:50','2019-07-15 23:48:50',1),(587,403,587,10,'2020-02-01 09:11:38','2020-01-25 09:11:38',1),(588,772,588,15,'2019-11-19 03:03:41','2019-11-12 03:03:41',0),(589,265,589,10,'2019-08-11 09:17:01','2019-08-04 09:17:01',0),(590,322,590,15,'2019-10-08 09:34:55','2019-10-01 09:34:55',1),(591,365,591,15,'2019-08-30 10:31:46','2019-08-23 10:31:46',1),(592,960,592,15,'2019-10-26 08:59:07','2019-10-19 08:59:07',0),(593,792,593,15,'2020-03-17 04:55:29','2020-03-10 04:55:29',1),(594,395,594,15,'2020-03-01 21:53:25','2020-02-23 21:53:25',1),(595,316,595,20,'2020-02-26 10:16:07','2020-02-19 10:16:07',1),(596,802,596,15,'2020-01-13 02:04:46','2020-01-06 02:04:46',0),(597,720,597,20,'2019-06-14 17:24:08','2019-06-07 17:24:08',1),(598,578,598,10,'2019-11-17 16:04:16','2019-11-10 16:04:16',1),(599,648,599,10,'2019-05-01 16:51:11','2019-04-24 16:51:11',0),(600,14,600,15,'2020-01-02 02:29:51','2019-12-26 02:29:51',0),(601,671,601,10,'2019-10-06 11:26:24','2019-09-29 11:26:24',0),(602,808,602,15,'2019-09-22 04:12:23','2019-09-15 04:12:23',0),(603,335,603,15,'2019-07-29 09:28:03','2019-07-22 09:28:03',1),(604,973,604,20,'2019-09-11 11:49:09','2019-09-04 11:49:09',1),(605,829,605,20,'2020-01-09 02:24:24','2020-01-02 02:24:24',1),(606,307,606,10,'2019-10-08 10:32:13','2019-10-01 10:32:13',0),(607,683,607,10,'2019-08-19 06:06:12','2019-08-12 06:06:12',1),(608,545,608,20,'2019-09-05 19:34:51','2019-08-29 19:34:51',0),(609,122,609,15,'2019-08-20 07:49:18','2019-08-13 07:49:18',0),(610,762,610,20,'2019-10-02 07:36:27','2019-09-25 07:36:27',0),(611,666,611,20,'2019-07-23 00:47:17','2019-07-16 00:47:17',1),(612,668,612,15,'2020-02-21 10:41:48','2020-02-14 10:41:48',0),(613,103,613,15,'2019-05-23 12:41:34','2019-05-16 12:41:34',1),(614,701,614,20,'2019-05-13 15:03:05','2019-05-06 15:03:05',0),(615,726,615,15,'2020-02-01 13:29:20','2020-01-25 13:29:20',0),(616,327,616,10,'2019-06-11 04:18:32','2019-06-04 04:18:32',1),(617,57,617,15,'2019-09-22 17:49:01','2019-09-15 17:49:01',0),(618,431,618,20,'2019-10-21 19:32:20','2019-10-14 19:32:20',0),(619,418,619,10,'2020-02-11 05:47:01','2020-02-04 05:47:01',0),(620,95,620,15,'2019-06-04 11:57:15','2019-05-28 11:57:15',0),(621,10,621,10,'2019-05-22 21:58:06','2019-05-15 21:58:06',0),(622,867,622,20,'2020-02-04 23:08:15','2020-01-28 23:08:15',0),(623,466,623,20,'2019-05-07 09:11:41','2019-04-30 09:11:41',1),(624,523,624,10,'2020-01-03 07:57:33','2019-12-27 07:57:33',0),(625,718,625,10,'2020-03-23 14:45:52','2020-03-16 14:45:52',0),(626,771,626,10,'2019-07-04 01:56:17','2019-06-27 01:56:17',0),(627,347,627,10,'2020-04-15 07:50:12','2020-04-08 07:50:12',1),(628,907,628,15,'2019-12-19 22:49:55','2019-12-12 22:49:55',1),(629,973,629,20,'2019-10-20 15:49:57','2019-10-13 15:49:57',0),(630,566,630,20,'2019-05-23 20:09:50','2019-05-16 20:09:50',1),(631,506,631,15,'2019-06-27 06:59:34','2019-06-20 06:59:34',0),(632,956,632,20,'2020-03-02 15:43:22','2020-02-24 15:43:22',0),(633,404,633,15,'2020-01-08 08:10:47','2020-01-01 08:10:47',0),(634,51,634,15,'2019-07-03 19:17:52','2019-06-26 19:17:52',1),(635,227,635,20,'2019-09-22 11:52:09','2019-09-15 11:52:09',0),(636,182,636,20,'2019-07-04 21:05:41','2019-06-27 21:05:41',1),(637,971,637,20,'2020-02-09 08:55:08','2020-02-02 08:55:08',1),(638,435,638,15,'2019-10-29 06:29:31','2019-10-22 06:29:31',0),(639,268,639,15,'2019-12-28 08:49:11','2019-12-21 08:49:11',0),(640,442,640,20,'2020-03-15 17:50:39','2020-03-08 17:50:39',0),(641,991,641,20,'2020-04-05 00:48:12','2020-03-29 00:48:12',1),(642,186,642,10,'2020-02-20 07:15:16','2020-02-13 07:15:16',0),(643,391,643,10,'2019-12-24 06:32:38','2019-12-17 06:32:38',1),(644,965,644,10,'2019-08-13 06:02:59','2019-08-06 06:02:59',1),(645,470,645,20,'2020-04-23 20:23:42','2020-04-16 20:23:42',0),(646,416,646,10,'2019-08-21 17:24:09','2019-08-14 17:24:09',0),(647,264,647,15,'2019-10-12 20:21:28','2019-10-05 20:21:28',1),(648,455,648,20,'2019-09-05 07:52:41','2019-08-29 07:52:41',1),(649,925,649,20,'2020-02-20 06:01:38','2020-02-13 06:01:38',0),(650,251,650,10,'2020-03-14 23:53:52','2020-03-07 23:53:52',1),(651,489,651,20,'2019-05-09 22:28:43','2019-05-02 22:28:43',0),(652,283,652,10,'2019-09-27 14:10:59','2019-09-20 14:10:59',1),(653,254,653,10,'2020-02-15 06:39:33','2020-02-08 06:39:33',0),(654,59,654,20,'2020-01-20 06:30:13','2020-01-13 06:30:13',0),(655,895,655,15,'2019-10-14 08:02:18','2019-10-07 08:02:18',0),(656,411,656,15,'2019-05-03 21:38:21','2019-04-26 21:38:21',1),(657,576,657,10,'2020-01-08 09:26:59','2020-01-01 09:26:59',1),(658,237,658,15,'2019-10-19 20:54:53','2019-10-12 20:54:53',0),(659,681,659,15,'2019-07-24 21:40:20','2019-07-17 21:40:20',0),(660,586,660,10,'2019-05-25 11:31:37','2019-05-18 11:31:37',0),(661,1,661,20,'2020-02-14 06:20:32','2020-02-07 06:20:32',1),(662,742,662,20,'2020-02-19 01:02:37','2020-02-12 01:02:37',0),(663,789,663,10,'2019-05-04 01:54:38','2019-04-27 01:54:38',0),(664,7,664,15,'2020-04-26 23:32:07','2020-04-19 23:32:07',0),(665,330,665,10,'2019-06-22 10:13:38','2019-06-15 10:13:38',1),(666,841,666,20,'2019-12-10 16:49:31','2019-12-03 16:49:31',1),(667,504,667,15,'2019-12-26 09:12:32','2019-12-19 09:12:32',1),(668,346,668,20,'2019-09-08 23:08:29','2019-09-01 23:08:29',1),(669,46,669,20,'2019-08-16 08:28:15','2019-08-09 08:28:15',1),(670,850,670,15,'2019-06-06 12:18:40','2019-05-30 12:18:40',0),(671,697,671,20,'2019-05-08 20:40:37','2019-05-01 20:40:37',1),(672,735,672,10,'2019-07-19 10:48:36','2019-07-12 10:48:36',1),(673,468,673,10,'2019-10-06 22:27:34','2019-09-29 22:27:34',1),(674,453,674,20,'2020-02-18 07:18:17','2020-02-11 07:18:17',1),(675,564,675,20,'2020-03-19 06:33:19','2020-03-12 06:33:19',1),(676,247,676,15,'2019-08-02 23:47:56','2019-07-26 23:47:56',0),(677,557,677,15,'2020-01-06 22:49:23','2019-12-30 22:49:23',1),(678,985,678,10,'2019-12-27 17:05:53','2019-12-20 17:05:53',0),(679,282,679,15,'2020-01-25 20:55:59','2020-01-18 20:55:59',0),(680,852,680,20,'2019-12-26 17:14:17','2019-12-19 17:14:17',1),(681,822,681,10,'2019-12-12 03:31:09','2019-12-05 03:31:09',0),(682,907,682,15,'2020-03-08 21:30:48','2020-03-01 21:30:48',0),(683,971,683,20,'2019-05-18 12:29:56','2019-05-11 12:29:56',0),(684,166,684,15,'2019-10-27 02:47:06','2019-10-20 02:47:06',0),(685,677,685,20,'2020-04-03 16:54:09','2020-03-27 16:54:09',0),(686,28,686,10,'2020-04-14 20:18:47','2020-04-07 20:18:47',1),(687,919,687,20,'2019-06-08 19:17:05','2019-06-01 19:17:05',0),(688,645,688,10,'2019-09-29 15:46:01','2019-09-22 15:46:01',1),(689,698,689,20,'2019-12-08 06:55:53','2019-12-01 06:55:53',1),(690,894,690,15,'2019-09-26 17:09:28','2019-09-19 17:09:28',0),(691,927,691,15,'2019-09-23 02:28:43','2019-09-16 02:28:43',1),(692,376,692,10,'2019-07-09 09:04:28','2019-07-02 09:04:28',0),(693,181,693,15,'2019-08-18 08:59:06','2019-08-11 08:59:06',0),(694,113,694,10,'2019-10-15 03:24:51','2019-10-08 03:24:51',1),(695,804,695,10,'2020-04-05 22:03:31','2020-03-29 22:03:31',0),(696,214,696,20,'2019-07-19 13:24:14','2019-07-12 13:24:14',0),(697,534,697,15,'2019-10-28 09:08:49','2019-10-21 09:08:49',0),(698,169,698,10,'2019-05-21 09:35:11','2019-05-14 09:35:11',0),(699,337,699,10,'2019-05-16 03:16:13','2019-05-09 03:16:13',1),(700,14,700,20,'2020-01-06 12:58:04','2019-12-30 12:58:04',0),(701,705,701,15,'2020-01-21 06:06:18','2020-01-14 06:06:18',1),(702,941,702,20,'2020-01-13 20:53:46','2020-01-06 20:53:46',1),(703,468,703,20,'2020-03-07 04:41:37','2020-02-29 04:41:37',0),(704,9,704,15,'2020-01-10 04:32:56','2020-01-03 04:32:56',1),(705,498,705,20,'2019-11-16 21:32:28','2019-11-09 21:32:28',1),(706,88,706,10,'2019-07-01 10:04:54','2019-06-24 10:04:54',1),(707,56,707,20,'2019-12-05 19:34:32','2019-11-28 19:34:32',1),(708,628,708,20,'2019-07-29 06:08:13','2019-07-22 06:08:13',1),(709,513,709,20,'2019-10-28 08:23:35','2019-10-21 08:23:35',0),(710,883,710,15,'2020-03-23 10:33:21','2020-03-16 10:33:21',0),(711,148,711,20,'2019-08-01 18:41:49','2019-07-25 18:41:49',0),(712,269,712,10,'2019-09-21 13:31:42','2019-09-14 13:31:42',1),(713,897,713,10,'2019-07-18 08:39:38','2019-07-11 08:39:38',1),(714,346,714,20,'2020-02-25 12:51:17','2020-02-18 12:51:17',0),(715,16,715,10,'2019-08-10 01:43:49','2019-08-03 01:43:49',1),(716,504,716,20,'2020-02-14 11:19:14','2020-02-07 11:19:14',0),(717,922,717,10,'2019-11-28 13:15:37','2019-11-21 13:15:37',0),(718,173,718,10,'2019-10-22 12:51:39','2019-10-15 12:51:39',1),(719,250,719,15,'2019-10-09 09:55:59','2019-10-02 09:55:59',1),(720,889,720,15,'2019-11-27 12:26:26','2019-11-20 12:26:26',1),(721,444,721,10,'2019-10-13 13:31:08','2019-10-06 13:31:08',0),(722,561,722,10,'2019-11-20 22:41:54','2019-11-13 22:41:54',0),(723,591,723,10,'2020-02-27 07:25:31','2020-02-20 07:25:31',1),(724,921,724,15,'2019-11-25 03:18:52','2019-11-18 03:18:52',0),(725,955,725,10,'2019-08-25 07:19:32','2019-08-18 07:19:32',1),(726,367,726,20,'2019-07-27 22:42:33','2019-07-20 22:42:33',1),(727,326,727,10,'2020-04-03 20:13:52','2020-03-27 20:13:52',0),(728,302,728,10,'2019-10-15 18:17:04','2019-10-08 18:17:04',0),(729,356,729,10,'2019-12-25 04:09:18','2019-12-18 04:09:18',1),(730,518,730,20,'2019-05-25 14:52:48','2019-05-18 14:52:48',1),(731,563,731,10,'2019-09-29 17:36:16','2019-09-22 17:36:16',1),(732,998,732,20,'2020-03-14 13:39:21','2020-03-07 13:39:21',0),(733,821,733,15,'2020-03-30 19:18:28','2020-03-23 19:18:28',1),(734,482,734,20,'2019-08-09 09:51:02','2019-08-02 09:51:02',0),(735,795,735,15,'2020-03-14 11:12:23','2020-03-07 11:12:23',0),(736,654,736,10,'2020-04-22 11:16:29','2020-04-15 11:16:29',0),(737,846,737,20,'2019-09-30 14:26:45','2019-09-23 14:26:45',1),(738,757,738,15,'2019-12-08 20:05:50','2019-12-01 20:05:50',0),(739,70,739,20,'2019-07-05 00:33:27','2019-06-28 00:33:27',1),(740,304,740,15,'2019-06-09 01:50:45','2019-06-02 01:50:45',0),(741,505,741,20,'2020-04-29 19:14:19','2020-04-22 19:14:19',1),(742,571,742,15,'2019-10-08 18:30:49','2019-10-01 18:30:49',0),(743,421,743,15,'2020-01-29 06:08:49','2020-01-22 06:08:49',0),(744,827,744,15,'2020-03-30 12:44:00','2020-03-23 12:44:00',0),(745,532,745,20,'2020-01-25 09:14:02','2020-01-18 09:14:02',0),(746,717,746,10,'2019-09-28 18:13:09','2019-09-21 18:13:09',1),(747,707,747,15,'2020-03-07 04:39:53','2020-02-29 04:39:53',0),(748,858,748,20,'2020-01-23 15:09:19','2020-01-16 15:09:19',1),(749,644,749,20,'2019-11-21 03:12:55','2019-11-14 03:12:55',1),(750,821,750,10,'2019-06-29 11:27:46','2019-06-22 11:27:46',1),(751,814,751,10,'2019-10-30 01:28:01','2019-10-23 01:28:01',1),(752,302,752,15,'2019-07-24 21:15:00','2019-07-17 21:15:00',0),(753,87,753,10,'2020-04-16 04:26:08','2020-04-09 04:26:08',0),(754,572,754,10,'2019-07-16 03:49:06','2019-07-09 03:49:06',0),(755,61,755,10,'2020-03-22 08:43:29','2020-03-15 08:43:29',0),(756,435,756,20,'2019-09-04 09:59:56','2019-08-28 09:59:56',1),(757,26,757,20,'2019-12-21 23:16:18','2019-12-14 23:16:18',1),(758,865,758,10,'2019-11-22 03:29:40','2019-11-15 03:29:40',1),(759,15,759,15,'2019-11-23 19:28:37','2019-11-16 19:28:37',0),(760,470,760,10,'2019-09-04 23:01:51','2019-08-28 23:01:51',0),(761,336,761,15,'2020-03-06 00:56:26','2020-02-28 00:56:26',1),(762,479,762,15,'2020-01-16 17:53:36','2020-01-09 17:53:36',1),(763,281,763,15,'2019-07-14 03:36:16','2019-07-07 03:36:16',0),(764,651,764,15,'2019-12-06 16:06:29','2019-11-29 16:06:29',1),(765,978,765,20,'2020-04-30 14:35:27','2020-04-23 14:35:27',0),(766,708,766,15,'2019-10-12 18:36:50','2019-10-05 18:36:50',1),(767,800,767,15,'2019-10-12 21:16:35','2019-10-05 21:16:35',1),(768,404,768,20,'2019-09-19 01:01:31','2019-09-12 01:01:31',0),(769,401,769,20,'2020-04-05 22:23:59','2020-03-29 22:23:59',1),(770,685,770,15,'2019-12-10 01:52:47','2019-12-03 01:52:47',1),(771,847,771,20,'2020-03-28 02:52:41','2020-03-21 02:52:41',1),(772,723,772,10,'2020-02-12 17:05:39','2020-02-05 17:05:39',0),(773,422,773,15,'2019-08-29 03:46:55','2019-08-22 03:46:55',1),(774,198,774,10,'2020-04-09 14:36:06','2020-04-02 14:36:06',1),(775,895,775,15,'2020-03-12 22:50:07','2020-03-05 22:50:07',0),(776,779,776,20,'2020-01-31 08:26:33','2020-01-24 08:26:33',0),(777,641,777,15,'2019-07-15 19:36:35','2019-07-08 19:36:35',0),(778,546,778,15,'2019-10-03 00:32:05','2019-09-26 00:32:05',1),(779,952,779,15,'2019-11-28 17:16:17','2019-11-21 17:16:17',0),(780,382,780,10,'2019-10-03 21:39:49','2019-09-26 21:39:49',0),(781,743,781,20,'2019-11-29 22:28:36','2019-11-22 22:28:36',1),(782,253,782,20,'2019-07-20 05:21:19','2019-07-13 05:21:19',0),(783,448,783,20,'2019-07-09 10:50:40','2019-07-02 10:50:40',0),(784,158,784,10,'2020-03-04 06:10:42','2020-02-26 06:10:42',1),(785,571,785,20,'2019-11-06 14:08:03','2019-10-30 14:08:03',1),(786,650,786,10,'2019-09-09 13:18:15','2019-09-02 13:18:15',1),(787,556,787,20,'2020-02-20 18:28:46','2020-02-13 18:28:46',0),(788,154,788,15,'2019-06-17 01:06:06','2019-06-10 01:06:06',0),(789,983,789,10,'2019-12-05 11:54:18','2019-11-28 11:54:18',0),(790,434,790,10,'2019-06-29 06:43:33','2019-06-22 06:43:33',1),(791,635,791,10,'2019-07-25 06:37:10','2019-07-18 06:37:10',1),(792,226,792,10,'2019-05-20 21:30:28','2019-05-13 21:30:28',0),(793,211,793,20,'2020-01-12 22:34:36','2020-01-05 22:34:36',0),(794,111,794,20,'2020-03-19 12:35:55','2020-03-12 12:35:55',1),(795,563,795,15,'2020-01-19 17:01:25','2020-01-12 17:01:25',0),(796,764,796,15,'2019-05-30 23:11:58','2019-05-23 23:11:58',1),(797,446,797,20,'2019-10-19 05:51:04','2019-10-12 05:51:04',1),(798,814,798,15,'2019-06-08 06:32:46','2019-06-01 06:32:46',0),(799,531,799,20,'2020-03-21 16:51:19','2020-03-14 16:51:19',0),(800,104,800,20,'2019-10-30 15:32:48','2019-10-23 15:32:48',1),(801,378,801,10,'2020-01-07 21:32:58','2019-12-31 21:32:58',1),(802,579,802,20,'2019-06-21 17:51:34','2019-06-14 17:51:34',0),(803,482,803,20,'2019-10-16 23:12:44','2019-10-09 23:12:44',0),(804,269,804,10,'2020-02-07 21:35:31','2020-01-31 21:35:31',1),(805,601,805,20,'2020-01-07 04:58:38','2019-12-31 04:58:38',1),(806,557,806,10,'2020-01-19 01:36:38','2020-01-12 01:36:38',0),(807,487,807,10,'2019-08-30 21:07:16','2019-08-23 21:07:16',1),(808,735,808,15,'2020-03-20 22:14:04','2020-03-13 22:14:04',1),(809,432,809,15,'2020-01-07 16:04:31','2019-12-31 16:04:31',0),(810,234,810,20,'2019-05-29 01:32:38','2019-05-22 01:32:38',1),(811,737,811,10,'2020-01-03 11:01:12','2019-12-27 11:01:12',0),(812,890,812,10,'2019-07-04 14:35:21','2019-06-27 14:35:21',1),(813,538,813,10,'2019-09-04 14:43:19','2019-08-28 14:43:19',0),(814,934,814,15,'2020-01-31 03:06:14','2020-01-24 03:06:14',1),(815,644,815,20,'2020-02-15 19:17:05','2020-02-08 19:17:05',0),(816,622,816,15,'2019-07-09 11:30:43','2019-07-02 11:30:43',1),(817,413,817,15,'2019-11-21 05:59:14','2019-11-14 05:59:14',0),(818,506,818,20,'2019-10-21 22:58:08','2019-10-14 22:58:08',0),(819,61,819,10,'2019-06-23 23:49:13','2019-06-16 23:49:13',1),(820,907,820,10,'2019-05-22 04:09:08','2019-05-15 04:09:08',0),(821,979,821,15,'2019-12-07 20:16:05','2019-11-30 20:16:05',1),(822,482,822,15,'2020-04-24 00:56:00','2020-04-17 00:56:00',0),(823,924,823,15,'2019-11-19 01:09:06','2019-11-12 01:09:06',1),(824,935,824,15,'2019-07-28 00:19:47','2019-07-21 00:19:47',1),(825,947,825,15,'2020-02-29 05:51:19','2020-02-22 05:51:19',1),(826,278,826,20,'2019-06-22 19:28:32','2019-06-15 19:28:32',0),(827,811,827,15,'2020-03-29 20:13:43','2020-03-22 20:13:43',0),(828,661,828,20,'2019-10-29 21:07:28','2019-10-22 21:07:28',1),(829,667,829,20,'2019-08-19 06:58:57','2019-08-12 06:58:57',0),(830,392,830,20,'2019-05-30 08:17:34','2019-05-23 08:17:34',0),(831,7,831,10,'2019-11-24 21:30:44','2019-11-17 21:30:44',0),(832,181,832,15,'2019-11-13 22:49:50','2019-11-06 22:49:50',1),(833,152,833,20,'2019-12-02 12:09:58','2019-11-25 12:09:58',0),(834,343,834,10,'2020-03-14 21:00:40','2020-03-07 21:00:40',0),(835,717,835,10,'2019-12-06 05:24:46','2019-11-29 05:24:46',0),(836,512,836,15,'2020-04-21 15:01:18','2020-04-14 15:01:18',1),(837,796,837,20,'2020-03-14 15:48:05','2020-03-07 15:48:05',0),(838,840,838,20,'2020-03-20 09:39:15','2020-03-13 09:39:15',0),(839,828,839,10,'2019-06-22 10:56:42','2019-06-15 10:56:42',1),(840,588,840,15,'2019-08-24 09:00:39','2019-08-17 09:00:39',0),(841,601,841,15,'2019-10-06 02:13:16','2019-09-29 02:13:16',1),(842,625,842,10,'2019-09-30 08:46:12','2019-09-23 08:46:12',1),(843,523,843,10,'2020-03-05 06:39:23','2020-02-27 06:39:23',1),(844,778,844,20,'2020-03-20 20:51:11','2020-03-13 20:51:11',0),(845,160,845,15,'2019-07-02 09:41:29','2019-06-25 09:41:29',0),(846,164,846,15,'2019-10-01 16:59:00','2019-09-24 16:59:00',0),(847,759,847,15,'2019-09-24 11:47:05','2019-09-17 11:47:05',1),(848,370,848,10,'2019-05-20 07:59:31','2019-05-13 07:59:31',1),(849,11,849,20,'2019-05-28 10:00:03','2019-05-21 10:00:03',1),(850,587,850,20,'2020-02-07 09:15:56','2020-01-31 09:15:56',1),(851,562,851,10,'2019-11-27 23:50:27','2019-11-20 23:50:27',0),(852,811,852,20,'2019-06-20 09:48:21','2019-06-13 09:48:21',1),(853,930,853,10,'2019-09-18 06:40:40','2019-09-11 06:40:40',1),(854,535,854,10,'2019-05-28 07:05:31','2019-05-21 07:05:31',0),(855,719,855,15,'2020-04-13 19:18:27','2020-04-06 19:18:27',0),(856,993,856,10,'2020-01-24 22:47:26','2020-01-17 22:47:26',1),(857,217,857,20,'2019-11-05 09:28:20','2019-10-29 09:28:20',0),(858,108,858,10,'2019-06-14 23:27:44','2019-06-07 23:27:44',1),(859,555,859,10,'2019-06-24 21:02:04','2019-06-17 21:02:04',1),(860,422,860,20,'2019-09-03 20:52:16','2019-08-27 20:52:16',0),(861,682,861,20,'2020-01-01 05:49:40','2019-12-25 05:49:40',0),(862,679,862,15,'2019-10-26 06:18:54','2019-10-19 06:18:54',0),(863,263,863,15,'2020-01-31 20:40:38','2020-01-24 20:40:38',1),(864,696,864,10,'2019-07-26 16:29:18','2019-07-19 16:29:18',1),(865,603,865,15,'2019-07-25 04:38:07','2019-07-18 04:38:07',1),(866,515,866,10,'2019-12-09 18:37:39','2019-12-02 18:37:39',0),(867,112,867,20,'2019-09-29 10:17:04','2019-09-22 10:17:04',0),(868,922,868,15,'2020-01-25 04:09:14','2020-01-18 04:09:14',0),(869,42,869,15,'2020-04-03 20:39:19','2020-03-27 20:39:19',1),(870,633,870,10,'2019-12-20 22:01:17','2019-12-13 22:01:17',1),(871,642,871,20,'2019-07-10 08:53:07','2019-07-03 08:53:07',0),(872,715,872,15,'2020-04-03 14:59:12','2020-03-27 14:59:12',0),(873,207,873,20,'2020-01-14 01:45:06','2020-01-07 01:45:06',0),(874,526,874,20,'2019-07-31 13:01:10','2019-07-24 13:01:10',1),(875,359,875,10,'2019-06-18 19:32:26','2019-06-11 19:32:26',0),(876,889,876,15,'2020-03-09 14:38:15','2020-03-02 14:38:15',1),(877,909,877,20,'2019-06-02 19:46:30','2019-05-26 19:46:30',0),(878,643,878,15,'2019-09-10 23:30:01','2019-09-03 23:30:01',1),(879,388,879,20,'2020-02-03 02:57:09','2020-01-27 02:57:09',1),(880,578,880,15,'2020-01-15 10:38:45','2020-01-08 10:38:45',1),(881,465,881,15,'2019-06-10 06:57:53','2019-06-03 06:57:53',0),(882,772,882,15,'2020-02-19 17:00:58','2020-02-12 17:00:58',1),(883,697,883,20,'2020-02-25 05:01:42','2020-02-18 05:01:42',1),(884,848,884,20,'2019-12-13 15:46:52','2019-12-06 15:46:52',0),(885,393,885,10,'2020-03-09 12:09:21','2020-03-02 12:09:21',1),(886,755,886,15,'2020-04-11 02:21:55','2020-04-04 02:21:55',1),(887,528,887,15,'2020-01-07 17:46:05','2019-12-31 17:46:05',0),(888,161,888,10,'2019-08-10 21:37:49','2019-08-03 21:37:49',1),(889,696,889,10,'2020-04-25 00:26:01','2020-04-18 00:26:01',1),(890,126,890,20,'2020-03-16 22:25:55','2020-03-09 22:25:55',1),(891,966,891,15,'2019-06-11 19:43:05','2019-06-04 19:43:05',0),(892,543,892,20,'2019-07-21 23:51:08','2019-07-14 23:51:08',0),(893,939,893,10,'2020-04-11 15:45:09','2020-04-04 15:45:09',0),(894,336,894,15,'2019-07-28 01:25:41','2019-07-21 01:25:41',0),(895,584,895,15,'2020-02-06 20:45:41','2020-01-30 20:45:41',1),(896,295,896,10,'2020-03-31 19:44:02','2020-03-24 19:44:02',0),(897,369,897,10,'2020-02-03 01:55:07','2020-01-27 01:55:07',0),(898,301,898,10,'2019-09-18 08:43:23','2019-09-11 08:43:23',1),(899,39,899,10,'2019-08-24 06:03:15','2019-08-17 06:03:15',1),(900,23,900,20,'2019-10-12 06:58:23','2019-10-05 06:58:23',0),(901,918,901,10,'2019-08-17 03:59:28','2019-08-10 03:59:28',0),(902,438,902,10,'2019-07-18 06:46:36','2019-07-11 06:46:36',0),(903,847,903,15,'2019-10-08 01:28:39','2019-10-01 01:28:39',1),(904,247,904,10,'2020-04-01 05:12:58','2020-03-25 05:12:58',0),(905,363,905,15,'2020-04-24 08:15:57','2020-04-17 08:15:57',0),(906,668,906,10,'2019-10-15 21:43:37','2019-10-08 21:43:37',0),(907,93,907,10,'2020-02-02 22:30:21','2020-01-26 22:30:21',1),(908,781,908,10,'2019-11-16 12:46:37','2019-11-09 12:46:37',1),(909,824,909,10,'2019-11-03 12:29:03','2019-10-27 12:29:03',1),(910,624,910,10,'2020-04-03 05:08:25','2020-03-27 05:08:25',0),(911,772,911,15,'2020-02-02 03:30:10','2020-01-26 03:30:10',0),(912,486,912,15,'2019-10-25 04:31:56','2019-10-18 04:31:56',0),(913,697,913,15,'2020-01-22 14:28:54','2020-01-15 14:28:54',1),(914,970,914,10,'2020-01-23 09:21:48','2020-01-16 09:21:48',0),(915,985,915,20,'2019-10-26 18:03:42','2019-10-19 18:03:42',0),(916,452,916,20,'2019-11-14 09:47:02','2019-11-07 09:47:02',0),(917,681,917,20,'2019-10-28 19:19:00','2019-10-21 19:19:00',1),(918,961,918,10,'2020-02-04 17:00:53','2020-01-28 17:00:53',1),(919,378,919,20,'2019-06-06 20:45:07','2019-05-30 20:45:07',1),(920,753,920,20,'2020-01-11 00:56:28','2020-01-04 00:56:28',1),(921,329,921,20,'2019-05-16 03:31:03','2019-05-09 03:31:03',0),(922,937,922,15,'2019-12-06 16:59:50','2019-11-29 16:59:50',1),(923,21,923,10,'2019-10-30 00:31:34','2019-10-23 00:31:34',0),(924,91,924,20,'2019-08-25 20:34:08','2019-08-18 20:34:08',1),(925,874,925,10,'2020-04-15 03:29:31','2020-04-08 03:29:31',1),(926,355,926,20,'2019-10-18 13:17:13','2019-10-11 13:17:13',1),(927,52,927,20,'2019-12-04 22:59:32','2019-11-27 22:59:32',1),(928,375,928,15,'2020-02-05 19:25:18','2020-01-29 19:25:18',1),(929,502,929,20,'2019-05-22 01:54:56','2019-05-15 01:54:56',0),(930,501,930,10,'2019-06-09 01:54:46','2019-06-02 01:54:46',0),(931,323,931,10,'2019-05-16 07:53:36','2019-05-09 07:53:36',1),(932,805,932,20,'2019-09-05 13:25:43','2019-08-29 13:25:43',1),(933,354,933,10,'2019-12-31 23:55:06','2019-12-24 23:55:06',1),(934,310,934,20,'2020-02-08 19:54:10','2020-02-01 19:54:10',1),(935,830,935,15,'2020-01-26 08:49:30','2020-01-19 08:49:30',1),(936,417,936,20,'2020-04-20 05:24:58','2020-04-13 05:24:58',0),(937,681,937,10,'2019-07-11 10:46:30','2019-07-04 10:46:30',1),(938,100,938,15,'2019-09-19 04:37:03','2019-09-12 04:37:03',0),(939,486,939,10,'2020-02-03 15:32:40','2020-01-27 15:32:40',0),(940,89,940,15,'2019-08-19 09:02:17','2019-08-12 09:02:17',0),(941,703,941,15,'2019-10-04 19:25:14','2019-09-27 19:25:14',1),(942,256,942,10,'2020-02-04 21:30:58','2020-01-28 21:30:58',1),(943,175,943,20,'2019-05-16 02:36:11','2019-05-09 02:36:11',1),(944,860,944,20,'2019-11-17 15:49:42','2019-11-10 15:49:42',0),(945,804,945,15,'2019-08-24 07:45:14','2019-08-17 07:45:14',0),(946,367,946,20,'2019-07-26 06:52:44','2019-07-19 06:52:44',1),(947,349,947,10,'2020-04-06 01:33:52','2020-03-30 01:33:52',1),(948,866,948,20,'2019-05-18 04:02:50','2019-05-11 04:02:50',1),(949,59,949,20,'2019-08-21 07:33:01','2019-08-14 07:33:01',0),(950,120,950,15,'2019-12-29 20:12:42','2019-12-22 20:12:42',1),(951,380,951,20,'2019-09-16 00:01:35','2019-09-09 00:01:35',1),(952,141,952,20,'2020-04-17 17:17:14','2020-04-10 17:17:14',1),(953,559,953,10,'2019-12-28 10:23:49','2019-12-21 10:23:49',1),(954,749,954,10,'2019-10-30 00:49:12','2019-10-23 00:49:12',0),(955,385,955,10,'2020-01-28 06:44:01','2020-01-21 06:44:01',0),(956,642,956,15,'2019-08-21 02:13:28','2019-08-14 02:13:28',0),(957,496,957,15,'2019-10-19 02:39:18','2019-10-12 02:39:18',0),(958,832,958,20,'2020-03-21 01:17:25','2020-03-14 01:17:25',0),(959,747,959,10,'2019-11-11 02:10:10','2019-11-04 02:10:10',1),(960,385,960,20,'2020-02-23 04:41:17','2020-02-16 04:41:17',0),(961,224,961,20,'2019-09-16 01:50:24','2019-09-09 01:50:24',0),(962,647,962,10,'2019-06-26 09:27:40','2019-06-19 09:27:40',0),(963,441,963,20,'2019-06-01 14:11:21','2019-05-25 14:11:21',1),(964,290,964,20,'2019-06-02 23:57:23','2019-05-26 23:57:23',0),(965,957,965,15,'2019-08-23 13:09:14','2019-08-16 13:09:14',1),(966,781,966,10,'2020-02-10 19:16:16','2020-02-03 19:16:16',1),(967,799,967,15,'2019-11-11 01:16:00','2019-11-04 01:16:00',0),(968,576,968,20,'2019-10-30 16:34:29','2019-10-23 16:34:29',1),(969,830,969,15,'2019-10-24 11:29:44','2019-10-17 11:29:44',0),(970,959,970,20,'2020-02-09 11:28:03','2020-02-02 11:28:03',0),(971,697,971,15,'2019-10-03 21:14:37','2019-09-26 21:14:37',0),(972,612,972,10,'2019-09-28 01:44:48','2019-09-21 01:44:48',1),(973,9,973,15,'2019-07-07 04:51:26','2019-06-30 04:51:26',0),(974,738,974,10,'2019-08-19 00:30:00','2019-08-12 00:30:00',1),(975,435,975,20,'2019-05-01 14:41:04','2019-04-24 14:41:04',1),(976,172,976,15,'2020-02-27 22:37:45','2020-02-20 22:37:45',0),(977,98,977,10,'2019-08-20 22:21:39','2019-08-13 22:21:39',0),(978,735,978,10,'2019-12-31 07:04:40','2019-12-24 07:04:40',1),(979,817,979,15,'2019-07-25 10:15:26','2019-07-18 10:15:26',0),(980,77,980,15,'2019-11-01 17:22:01','2019-10-25 17:22:01',0),(981,936,981,10,'2020-02-18 18:02:43','2020-02-11 18:02:43',0),(982,224,982,20,'2020-02-02 16:13:57','2020-01-26 16:13:57',0),(983,192,983,20,'2019-09-30 22:00:36','2019-09-23 22:00:36',1),(984,919,984,15,'2020-04-18 17:19:05','2020-04-11 17:19:05',1),(985,334,985,15,'2019-11-07 01:24:30','2019-10-31 01:24:30',1),(986,74,986,20,'2020-02-03 23:27:35','2020-01-27 23:27:35',0),(987,262,987,20,'2019-08-17 03:05:18','2019-08-10 03:05:18',0),(988,518,988,15,'2020-03-08 05:05:05','2020-03-01 05:05:05',0),(989,911,989,10,'2019-08-18 20:51:08','2019-08-11 20:51:08',0),(990,235,990,62.97,'2020-03-15 09:06:38','2020-03-08 09:06:38',1);
/*!40000 ALTER TABLE `Ticket_Purchase` ENABLE KEYS */;
UNLOCK TABLES;

--
-- Table structure for table `__EFMigrationsHistory`
--

DROP TABLE IF EXISTS `__EFMigrationsHistory`;
/*!40101 SET @saved_cs_client     = @@character_set_client */;
/*!50503 SET character_set_client = utf8mb4 */;
CREATE TABLE `__EFMigrationsHistory` (
  `MigrationId` varchar(95) NOT NULL,
  `ProductVersion` varchar(32) NOT NULL,
  PRIMARY KEY (`MigrationId`)
) ENGINE=InnoDB DEFAULT CHARSET=utf8;
/*!40101 SET character_set_client = @saved_cs_client */;

--
-- Dumping data for table `__EFMigrationsHistory`
--

LOCK TABLES `__EFMigrationsHistory` WRITE;
/*!40000 ALTER TABLE `__EFMigrationsHistory` DISABLE KEYS */;
INSERT INTO `__EFMigrationsHistory` VALUES ('00000000000000_CreateIdentitySchema','3.1.3'),('20200416075508_WebAppCon','3.1.3'),('20200418234111_InitialCreate','3.1.3');
/*!40000 ALTER TABLE `__EFMigrationsHistory` ENABLE KEYS */;
UNLOCK TABLES;

--
-- Dumping events for database 'Team10'
--

--
-- Dumping routines for database 'Team10'
--
/*!40103 SET TIME_ZONE=@OLD_TIME_ZONE */;

/*!40101 SET SQL_MODE=@OLD_SQL_MODE */;
/*!40014 SET FOREIGN_KEY_CHECKS=@OLD_FOREIGN_KEY_CHECKS */;
/*!40014 SET UNIQUE_CHECKS=@OLD_UNIQUE_CHECKS */;
/*!40101 SET CHARACTER_SET_CLIENT=@OLD_CHARACTER_SET_CLIENT */;
/*!40101 SET CHARACTER_SET_RESULTS=@OLD_CHARACTER_SET_RESULTS */;
/*!40101 SET COLLATION_CONNECTION=@OLD_COLLATION_CONNECTION */;
/*!40111 SET SQL_NOTES=@OLD_SQL_NOTES */;

-- Dump completed on 2020-04-24 22:16:48
